entity,complexity,domain,priority
ABSORBED_DOSE_MEASURE_WITH_UNIT,SIMPLE,unit,190
ABSORBED_DOSE_UNIT,SIMPLE,unit,190
ACCELERATION_MEASURE_WITH_UNIT,SIMPLE,unit,190
ACCELERATION_UNIT,SIMPLE,unit,190
AMOUNT_OF_SUBSTANCE_MEASURE_WITH_UNIT,SIMPLE,unit,190
AMOUNT_OF_SUBSTANCE_UNIT,SIMPLE,unit,190
AREA_MEASURE_WITH_UNIT,SIMPLE,unit,190
AREA_UNIT,SIMPLE,unit,190
CAPACITANCE_MEASURE_WITH_UNIT,SIMPLE,unit,190
CAPACITANCE_UNIT,SIMPLE,unit,190
CELSIUS_TEMPERATURE_MEASURE_WITH_UNIT,SIMPLE,unit,190
CONDUCTANCE_MEASURE_WITH_UNIT,SIMPLE,unit,190
CONDUCTANCE_UNIT,SIMPLE,unit,190
CURRENCY_MEASURE_WITH_UNIT,SIMPLE,unit,190
DIELECTRIC_CONSTANT_MEASURE_WITH_UNIT,SIMPLE,unit,190
DOSE_EQUIVALENT_MEASURE_WITH_UNIT,SIMPLE,unit,190
DOSE_EQUIVALENT_UNIT,SIMPLE,unit,190
ELECTRIC_CHARGE_MEASURE_WITH_UNIT,SIMPLE,unit,190
ELECTRIC_CHARGE_UNIT,SIMPLE,unit,190
ELECTRIC_CURRENT_MEASURE_WITH_UNIT,SIMPLE,unit,190
ELECTRIC_CURRENT_UNIT,SIMPLE,unit,190
ELECTRIC_POTENTIAL_MEASURE_WITH_UNIT,SIMPLE,unit,190
ELECTRIC_POTENTIAL_UNIT,SIMPLE,unit,190
ENERGY_MEASURE_WITH_UNIT,SIMPLE,unit,190
ENERGY_UNIT,SIMPLE,unit,190
EXPRESSION_CONVERSION_BASED_UNIT,SIMPLE,unit,190
EXTERNALLY_DEFINED_CONVERSION_BASED_UNIT,SIMPLE,unit,190
FORCE_MEASURE_WITH_UNIT,SIMPLE,unit,190
FORCE_UNIT,SIMPLE,unit,190
FREQUENCY_MEASURE_WITH_UNIT,SIMPLE,unit,190
FREQUENCY_UNIT,SIMPLE,unit,190
ILLUMINANCE_MEASURE_WITH_UNIT,SIMPLE,unit,190
ILLUMINANCE_UNIT,SIMPLE,unit,190
INDUCTANCE_MEASURE_WITH_UNIT,SIMPLE,unit,190
INDUCTANCE_UNIT,SIMPLE,unit,190
LENGTH_MEASURE_WITH_UNIT,SIMPLE,unit,190
LENGTH_UNIT,SIMPLE,unit,190
LOSS_TANGENT_MEASURE_WITH_UNIT,SIMPLE,unit,190
LUMINOUS_FLUX_MEASURE_WITH_UNIT,SIMPLE,unit,190
LUMINOUS_FLUX_UNIT,SIMPLE,unit,190
LUMINOUS_INTENSITY_MEASURE_WITH_UNIT,SIMPLE,unit,190
LUMINOUS_INTENSITY_UNIT,SIMPLE,unit,190
MAGNETIC_FLUX_DENSITY_MEASURE_WITH_UNIT,SIMPLE,unit,190
MAGNETIC_FLUX_DENSITY_UNIT,SIMPLE,unit,190
MAGNETIC_FLUX_MEASURE_WITH_UNIT,SIMPLE,unit,190
MAGNETIC_FLUX_UNIT,SIMPLE,unit,190
MASS_MEASURE_WITH_UNIT,SIMPLE,unit,190
MASS_UNIT,SIMPLE,unit,190
NON_AGREED_UNIT_USAGE,SIMPLE,unit,190
POSITIVE_LENGTH_MEASURE_WITH_UNIT,SIMPLE,unit,190
POWER_MEASURE_WITH_UNIT,SIMPLE,unit,190
POWER_UNIT,SIMPLE,unit,190
PRESSURE_MEASURE_WITH_UNIT,SIMPLE,unit,190
PRESSURE_UNIT,SIMPLE,unit,190
RADIOACTIVITY_MEASURE_WITH_UNIT,SIMPLE,unit,190
RADIOACTIVITY_UNIT,SIMPLE,unit,190
RATIO_MEASURE_WITH_UNIT,SIMPLE,unit,190
RATIO_UNIT,SIMPLE,unit,190
RESISTANCE_MEASURE_WITH_UNIT,SIMPLE,unit,190
RESISTANCE_UNIT,SIMPLE,unit,190
SI_ABSORBED_DOSE_UNIT,SIMPLE,unit,190
SI_CAPACITANCE_UNIT,SIMPLE,unit,190
SI_CONDUCTANCE_UNIT,SIMPLE,unit,190
SI_DOSE_EQUIVALENT_UNIT,SIMPLE,unit,190
SI_ELECTRIC_CHARGE_UNIT,SIMPLE,unit,190
SI_ELECTRIC_POTENTIAL_UNIT,SIMPLE,unit,190
SI_ENERGY_UNIT,SIMPLE,unit,190
SI_FORCE_UNIT,SIMPLE,unit,190
SI_FREQUENCY_UNIT,SIMPLE,unit,190
SI_ILLUMINANCE_UNIT,SIMPLE,unit,190
SI_INDUCTANCE_UNIT,SIMPLE,unit,190
SI_MAGNETIC_FLUX_DENSITY_UNIT,SIMPLE,unit,190
SI_MAGNETIC_FLUX_UNIT,SIMPLE,unit,190
SI_POWER_UNIT,SIMPLE,unit,190
SI_PRESSURE_UNIT,SIMPLE,unit,190
SI_RADIOACTIVITY_UNIT,SIMPLE,unit,190
SI_RESISTANCE_UNIT,SIMPLE,unit,190
THERMAL_RESISTANCE_MEASURE_WITH_UNIT,SIMPLE,unit,190
THERMAL_RESISTANCE_UNIT,SIMPLE,unit,190
THERMODYNAMIC_TEMPERATURE_MEASURE_WITH_UNIT,SIMPLE,unit,190
THERMODYNAMIC_TEMPERATURE_UNIT,SIMPLE,unit,190
TIME_MEASURE_WITH_UNIT,SIMPLE,unit,190
TIME_UNIT,SIMPLE,unit,190
VELOCITY_MEASURE_WITH_UNIT,SIMPLE,unit,190
VELOCITY_UNIT,SIMPLE,unit,190
VOLUME_MEASURE_WITH_UNIT,SIMPLE,unit,190
VOLUME_UNIT,SIMPLE,unit,190
ANGLE_DIRECTION_REFERENCE,SIMPLE,geometry,185
BEZIER_VOLUME,SIMPLE,geometry,185
BOUNDARY_CURVE,SIMPLE,geometry,185
BOUNDED_PCURVE,SIMPLE,geometry,185
B_SPLINE_FUNCTION,SIMPLE,geometry,185
CHARACTER_GLYPH_STYLE_OUTLINE,SIMPLE,geometry,185
CHARACTER_GLYPH_SYMBOL_OUTLINE,SIMPLE,geometry,185
COMPOSITE_TEXT_WITH_ASSOCIATED_CURVES,SIMPLE,geometry,185
COMPOSITE_TEXT_WITH_DELINEATION,SIMPLE,geometry,185
CYLINDRICAL_POINT,SIMPLE,geometry,185
DRAPED_DEFINED_TRANSFORMATION,SIMPLE,geometry,185
DRAUGHTING_TEXT_LITERAL_WITH_DELINEATION,SIMPLE,geometry,185
EVALUATED_DEGENERATE_PCURVE,SIMPLE,geometry,185
EXCESSIVELY_HIGH_DEGREE_CURVE,SIMPLE,geometry,185
FUNCTIONALLY_DEFINED_TRANSFORMATION,SIMPLE,geometry,185
G1_DISCONTINUOUS_CURVE,SIMPLE,geometry,185
G2_DISCONTINUOUS_CURVE,SIMPLE,geometry,185
GENERAL_LINEAR_FUNCTION,SIMPLE,geometry,185
HIGH_DEGREE_LINEAR_CURVE,SIMPLE,geometry,185
HOMOGENEOUS_LINEAR_FUNCTION,SIMPLE,geometry,185
HYPERBOLA,SIMPLE,geometry,185
IMPLICIT_INTERSECTION_CURVE,SIMPLE,geometry,185
IMPLICIT_MODEL_INTERSECTION_CURVE,SIMPLE,geometry,185
IMPLICIT_PLANAR_CURVE,SIMPLE,geometry,185
IMPLICIT_PLANAR_INTERSECTION_POINT,SIMPLE,geometry,185
IMPLICIT_PLANAR_PROJECTION_POINT,SIMPLE,geometry,185
IMPLICIT_POINT_ON_PLANE,SIMPLE,geometry,185
IMPLICIT_PROJECTED_CURVE,SIMPLE,geometry,185
IMPLICIT_SILHOUETTE_CURVE,SIMPLE,geometry,185
IMPORTED_CURVE_FUNCTION,SIMPLE,geometry,185
IMPORTED_POINT_FUNCTION,SIMPLE,geometry,185
IMPORTED_SURFACE_FUNCTION,SIMPLE,geometry,185
INTERSECTION_CURVE,SIMPLE,geometry,185
KINEMATIC_PATH_DEFINED_BY_CURVES,SIMPLE,geometry,185
LAID_DEFINED_TRANSFORMATION,SIMPLE,geometry,185
LINEARIZED_TABLE_FUNCTION,SIMPLE,geometry,185
LINEAR_ARRAY_PLACEMENT_GROUP_COMPONENT,SIMPLE,geometry,185
LINEAR_DIMENSION,SIMPLE,geometry,185
LINEAR_FLEXIBLE_AND_PINION_PAIR,SIMPLE,geometry,185
LINEAR_PATH,SIMPLE,geometry,185
LINEAR_PROFILE,SIMPLE,geometry,185
LINE_PROFILE_TOLERANCE,SIMPLE,geometry,185
LINK_MOTION_TRANSFORMATION,SIMPLE,geometry,185
LOCALLY_REFINED_SPLINE_CURVE,SIMPLE,geometry,185
LOCALLY_REFINED_SPLINE_VOLUME,SIMPLE,geometry,185
MISMATCH_OF_ARCWISE_CONNECTED_CURVES,SIMPLE,geometry,185
MISMATCH_OF_POINTS,SIMPLE,geometry,185
MULTIPLY_DEFINED_CARTESIAN_POINTS,SIMPLE,geometry,185
MULTIPLY_DEFINED_CURVES,SIMPLE,geometry,185
MULTIPLY_DEFINED_DIRECTIONS,SIMPLE,geometry,185
ONE_DIRECTION_REPEAT_FACTOR,SIMPLE,geometry,185
OUTER_BOUNDARY_CURVE,SIMPLE,geometry,185
PARABOLA,SIMPLE,geometry,185
PARTLY_OVERLAPPING_CURVES,SIMPLE,geometry,185
PLANE_ANGLE_AND_LENGTH_PAIR,SIMPLE,geometry,185
PLANE_ANGLE_AND_RATIO_PAIR,SIMPLE,geometry,185
PLANE_ANGLE_MEASURE_WITH_UNIT,SIMPLE,geometry,185
PLANE_ANGLE_UNIT,SIMPLE,geometry,185
POINT_AND_VECTOR,SIMPLE,geometry,185
POINT_ARRAY,SIMPLE,geometry,185
POINT_CLOUD_DATASET,SIMPLE,geometry,185
POINT_CLOUD_DATASET_WITH_COLOURS,SIMPLE,geometry,185
POINT_CLOUD_DATASET_WITH_INTENSITIES,SIMPLE,geometry,185
POINT_CLOUD_DATASET_WITH_NORMALS,SIMPLE,geometry,185
POINT_CLOUD_SUPERDATASET,SIMPLE,geometry,185
POINT_DISTANCE_GEOMETRIC_CONSTRAINT,SIMPLE,geometry,185
POINT_IN_VOLUME,SIMPLE,geometry,185
POINT_ON_CURVE,SIMPLE,geometry,185
POINT_PATH,SIMPLE,geometry,185
POINT_TO_POINT_PATH,SIMPLE,geometry,185
POLAR_POINT,SIMPLE,geometry,185
POSITIVE_PLANE_ANGLE_MEASURE_WITH_UNIT,SIMPLE,geometry,185
PRE_DEFINED_POINT_MARKER_SYMBOL,SIMPLE,geometry,185
QUASI_UNIFORM_VOLUME,SIMPLE,geometry,185
RATIONALIZE_FUNCTION,SIMPLE,geometry,185
RATIONAL_LOCALLY_REFINED_SPLINE_CURVE,SIMPLE,geometry,185
RATIONAL_LOCALLY_REFINED_SPLINE_VOLUME,SIMPLE,geometry,185
ROTATION_ABOUT_DIRECTION,SIMPLE,geometry,185
RUNOUT_ZONE_ORIENTATION_REFERENCE_DIRECTION,SIMPLE,geometry,185
SELF_INTERSECTING_CURVE,SIMPLE,geometry,185
SHORT_LENGTH_CURVE,SIMPLE,geometry,185
SKEW_LINE_DISTANCE_GEOMETRIC_CONSTRAINT,SIMPLE,geometry,185
SOLID_WITH_CURVED_SLOT,SIMPLE,geometry,185
SPHERICAL_POINT,SIMPLE,geometry,185
TEXT_LITERAL_WITH_ASSOCIATED_CURVES,SIMPLE,geometry,185
TEXT_LITERAL_WITH_DELINEATION,SIMPLE,geometry,185
TRANSFORMATION_WITH_DERIVED_ANGLE,SIMPLE,geometry,185
TWO_DIRECTION_REPEAT_FACTOR,SIMPLE,geometry,185
UNIFORM_PRODUCT_SPACE,SIMPLE,geometry,185
UNIFORM_RESOURCE_IDENTIFIER,SIMPLE,geometry,185
UNIFORM_VOLUME,SIMPLE,geometry,185
VECTOR_STYLE,SIMPLE,geometry,185
AREA_WITH_OUTER_BOUNDARY,SIMPLE,topology,180
BOUND_PARAMETER_ENVIRONMENT,SIMPLE,topology,180
BOUND_VARIABLE_SEMANTICS,SIMPLE,topology,180
BOUND_VARIATIONAL_PARAMETER,SIMPLE,topology,180
CIRCULAR_CLOSED_PROFILE,SIMPLE,topology,180
CLOSED_PATH_PROFILE,SIMPLE,topology,180
CONNECTED_VOLUME_SET,SIMPLE,topology,180
CONNECTED_VOLUME_SUB_SET,SIMPLE,topology,180
DIFFERENT_BOUNDING_BOX,SIMPLE,topology,180
NGON_CLOSED_PROFILE,SIMPLE,topology,180
OPEN_PATH_PROFILE,SIMPLE,topology,180
ORIENTED_JOINT,SIMPLE,topology,180
ORIENTED_TOLERANCE_ZONE,SIMPLE,topology,180
PRIMITIVE_2D_WITH_INNER_BOUNDARY,SIMPLE,topology,180
RECTANGULAR_CLOSED_PROFILE,SIMPLE,topology,180
TIME_INTERVAL_WITH_BOUNDS,SIMPLE,topology,180
UNBOUND_PARAMETER_ENVIRONMENT,SIMPLE,topology,180
UNBOUND_VARIATIONAL_PARAMETER,SIMPLE,topology,180
UNBOUND_VARIATIONAL_PARAMETER_SEMANTICS,SIMPLE,topology,180
VOLUME_WITH_PARAMETRIC_BOUNDARY,SIMPLE,topology,180
WRONGLY_ORIENTED_VOID,SIMPLE,topology,180
A3M_EQUIVALENCE_CRITERION_REPORT_ITEM_WITH_MEASURED_VALUE,SIMPLE,product,175
ANALYSIS_MODEL,SIMPLE,product,175
ATTACHMENT_SLOT_ON_PRODUCT,SIMPLE,product,175
CHAIN_BASED_GEOMETRIC_ITEM_SPECIFIC_USAGE,SIMPLE,product,175
CHARACTERIZED_PRODUCT_CONCEPT_FEATURE,SIMPLE,product,175
CHARACTERIZED_PRODUCT_CONCEPT_FEATURE_CATEGORY,SIMPLE,product,175
COMPONENT_FEATURE,SIMPLE,product,175
COMPONENT_FEATURE_JOINT,SIMPLE,product,175
COMPONENT_MATING_CONSTRAINT_CONDITION,SIMPLE,product,175
COMPONENT_TERMINAL,SIMPLE,product,175
COMPOSITE_UNIT_SHAPE_ASPECT,SIMPLE,product,175
CONFIGURATION_ITEM_REVISION_SEQUENCE,SIMPLE,product,175
CRITERION_REPORT_ITEM_WITH_NUMBER_OF_INSTANCES,SIMPLE,product,175
CRITERION_REPORT_ITEM_WITH_VALUE,SIMPLE,product,175
DEFAULT_MODEL_GEOMETRIC_VIEW,SIMPLE,product,175
DIFFERENT_COMPONENT_IDENTIFICATION_VIA_MULTI_LEVEL_REFERENCE,SIMPLE,product,175
DIFFERENT_COMPONENT_TYPE,SIMPLE,product,175
DIFFERENT_NUMBER_OF_COMPONENTS,SIMPLE,product,175
DIFFERENT_NUMBER_OF_GEOMETRIC_ELEMENTS_WIREFRAME_MODEL,SIMPLE,product,175
DIFFERENT_NUMBER_OF_TOPOLOGICAL_ELEMENTS_WIREFRAME_MODEL,SIMPLE,product,175
DIFFERENT_PLACEMENT_OF_COMPONENT,SIMPLE,product,175
DOCUMENT_PRODUCT_ASSOCIATION,SIMPLE,product,175
DOCUMENT_PRODUCT_EQUIVALENCE,SIMPLE,product,175
EQUIVALENCE_INSTANCE_REPORT_ITEM_WITH_NOTABLE_INSTANCES,SIMPLE,product,175
EVALUATED_CHARACTERISTIC_OF_PRODUCT_AS_INDIVIDUAL_TEST_RESULT,SIMPLE,product,175
EXCLUSIVE_PRODUCT_CONCEPT_FEATURE_CATEGORY,SIMPLE,product,175
EXTERNALLY_DEFINED_ITEM_WITH_MULTIPLE_REFERENCES,SIMPLE,product,175
GEOMETRIC_ITEM_SPECIFIC_USAGE,SIMPLE,product,175
INCLUSION_PRODUCT_CONCEPT_FEATURE,SIMPLE,product,175
INSTANCE_REPORT_ITEM_WITH_EXTREME_INSTANCES,SIMPLE,product,175
LISTED_PRODUCT_SPACE,SIMPLE,product,175
MECHANICAL_DESIGN_REQUIREMENT_ITEM_ASSOCIATION,SIMPLE,product,175
MISMATCH_OF_COMPONENT,SIMPLE,product,175
MISSING_COMPONENT,SIMPLE,product,175
MODEL_GEOMETRIC_VIEW,SIMPLE,product,175
PACKAGE_PRODUCT_CONCEPT_FEATURE,SIMPLE,product,175
PATH_FEATURE_COMPONENT,SIMPLE,product,175
PHYSICAL_COMPONENT,SIMPLE,product,175
PHYSICAL_COMPONENT_FEATURE,SIMPLE,product,175
PHYSICAL_COMPONENT_TERMINAL,SIMPLE,product,175
PROCESS_PRODUCT_ASSOCIATION,SIMPLE,product,175
PRODUCT_AS_PLANNED,SIMPLE,product,175
PRODUCT_CLASS,SIMPLE,product,175
PRODUCT_CONCEPT,SIMPLE,product,175
PRODUCT_CONCEPT_FEATURE,SIMPLE,product,175
PRODUCT_CONCEPT_FEATURE_ASSOCIATION,SIMPLE,product,175
PRODUCT_CONCEPT_FEATURE_CATEGORY,SIMPLE,product,175
PRODUCT_CONCEPT_FEATURE_CATEGORY_USAGE,SIMPLE,product,175
PRODUCT_DESIGN_TO_INDIVIDUAL,SIMPLE,product,175
PRODUCT_DESIGN_VERSION_TO_INDIVIDUAL,SIMPLE,product,175
PRODUCT_GROUP,SIMPLE,product,175
PRODUCT_GROUP_ATTRIBUTES,SIMPLE,product,175
PRODUCT_GROUP_ATTRIBUTE_SET,SIMPLE,product,175
PRODUCT_GROUP_MEMBERSHIP,SIMPLE,product,175
PRODUCT_GROUP_MEMBERSHIP_RULES,SIMPLE,product,175
PRODUCT_GROUP_PURPOSE,SIMPLE,product,175
PRODUCT_GROUP_RULE,SIMPLE,product,175
PRODUCT_GROUP_RULES,SIMPLE,product,175
PRODUCT_IDENTIFICATION,SIMPLE,product,175
PRODUCT_IN_ATTACHMENT_SLOT,SIMPLE,product,175
PRODUCT_PLANNED_TO_REALIZED,SIMPLE,product,175
PRODUCT_PROCESS_PLAN,SIMPLE,product,175
PRODUCT_RELATED_PRODUCT_CATEGORY,SIMPLE,product,175
PRODUCT_RESOURCE,SIMPLE,product,175
PRODUCT_SPECIFICATION,SIMPLE,product,175
REP_ITEM_GROUP,SIMPLE,product,175
SCAN_3D_MODEL,SIMPLE,product,175
SHAPE_ASPECT_ASSOCIATIVITY,SIMPLE,product,175
SHAPE_DATA_QUALITY_ASSESSMENT_BY_LOGICAL_TEST,SIMPLE,product,175
SHAPE_DATA_QUALITY_ASSESSMENT_BY_NUMERICAL_TEST,SIMPLE,product,175
SHAPE_DATA_QUALITY_CRITERION,SIMPLE,product,175
SHAPE_DATA_QUALITY_CRITERION_AND_ACCURACY_ASSOCIATION,SIMPLE,product,175
SHAPE_DATA_QUALITY_INSPECTION_CRITERION_REPORT,SIMPLE,product,175
SHAPE_DATA_QUALITY_INSPECTION_INSTANCE_REPORT,SIMPLE,product,175
SHAPE_DATA_QUALITY_INSPECTION_INSTANCE_REPORT_ITEM,SIMPLE,product,175
SHAPE_DATA_QUALITY_INSPECTION_RESULT,SIMPLE,product,175
SHAPE_DATA_QUALITY_LOWER_VALUE_LIMIT,SIMPLE,product,175
SHAPE_DATA_QUALITY_UPPER_VALUE_LIMIT,SIMPLE,product,175
SHAPE_DATA_QUALITY_VALUE_LIMIT,SIMPLE,product,175
SHAPE_DATA_QUALITY_VALUE_RANGE,SIMPLE,product,175
SHAPE_INSPECTION_RESULT_ACCURACY_ASSOCIATION,SIMPLE,product,175
SHAPE_MEASUREMENT_ACCURACY,SIMPLE,product,175
SHAPE_SUMMARY_REQUEST_WITH_REPRESENTATIVE_VALUE,SIMPLE,product,175
SOLID_ANGLE_MEASURE_WITH_UNIT,SIMPLE,product,175
SOLID_ANGLE_UNIT,SIMPLE,product,175
SOLID_WITH_ANGLE_BASED_CHAMFER,SIMPLE,product,175
SOLID_WITH_CIRCULAR_PATTERN,SIMPLE,product,175
SOLID_WITH_CIRCULAR_POCKET,SIMPLE,product,175
SOLID_WITH_CIRCULAR_PROTRUSION,SIMPLE,product,175
SOLID_WITH_CONICAL_BOTTOM_ROUND_HOLE,SIMPLE,product,175
SOLID_WITH_DEPRESSION,SIMPLE,product,175
SOLID_WITH_DOUBLE_OFFSET_CHAMFER,SIMPLE,product,175
SOLID_WITH_EXCESSIVE_NUMBER_OF_VOIDS,SIMPLE,product,175
SOLID_WITH_FLAT_BOTTOM_ROUND_HOLE,SIMPLE,product,175
SOLID_WITH_GENERAL_POCKET,SIMPLE,product,175
SOLID_WITH_GENERAL_PROTRUSION,SIMPLE,product,175
SOLID_WITH_GROOVE,SIMPLE,product,175
SOLID_WITH_HOLE,SIMPLE,product,175
SOLID_WITH_INCOMPLETE_CIRCULAR_PATTERN,SIMPLE,product,175
SOLID_WITH_POCKET,SIMPLE,product,175
SOLID_WITH_PROTRUSION,SIMPLE,product,175
SOLID_WITH_SINGLE_OFFSET_CHAMFER,SIMPLE,product,175
SOLID_WITH_SLOT,SIMPLE,product,175
SOLID_WITH_SPHERICAL_BOTTOM_ROUND_HOLE,SIMPLE,product,175
SOLID_WITH_STEPPED_ROUND_HOLE,SIMPLE,product,175
SOLID_WITH_STEPPED_ROUND_HOLE_AND_CONICAL_TRANSITIONS,SIMPLE,product,175
SOLID_WITH_STRAIGHT_SLOT,SIMPLE,product,175
SOLID_WITH_TEE_SECTION_SLOT,SIMPLE,product,175
SOLID_WITH_THROUGH_DEPRESSION,SIMPLE,product,175
SOLID_WITH_TRAPEZOIDAL_SECTION_SLOT,SIMPLE,product,175
SOLID_WITH_WRONG_NUMBER_OF_VOIDS,SIMPLE,product,175
THERMAL_COMPONENT,SIMPLE,product,175
ANNOTATION_FILL_AREA_OCCURRENCE,SIMPLE,annotation,170
ANNOTATION_OCCURRENCE,SIMPLE,annotation,170
ANNOTATION_OCCURRENCE_ASSOCIATIVITY,SIMPLE,annotation,170
ANNOTATION_PLACEHOLDER_OCCURRENCE,SIMPLE,annotation,170
ANNOTATION_SUBFIGURE_OCCURRENCE,SIMPLE,annotation,170
BACKGROUND_COLOUR,SIMPLE,annotation,170
CAMERA_IMAGE_2D_WITH_SCALE,SIMPLE,annotation,170
CAMERA_IMAGE_3D_WITH_SCALE,SIMPLE,annotation,170
CAMERA_MODEL,SIMPLE,annotation,170
CAMERA_MODEL_D3_MULTI_CLIPPING,SIMPLE,annotation,170
CAMERA_MODEL_D3_MULTI_CLIPPING_INTERSECTION,SIMPLE,annotation,170
CAMERA_MODEL_D3_MULTI_CLIPPING_UNION,SIMPLE,annotation,170
CAMERA_MODEL_D3_WITH_HLHSR,SIMPLE,annotation,170
CAMERA_MODEL_WITH_LIGHT_SOURCES,SIMPLE,annotation,170
CHARACTER_GLYPH_STYLE_STROKE,SIMPLE,annotation,170
CHARACTER_GLYPH_SYMBOL,SIMPLE,annotation,170
CHARACTER_GLYPH_SYMBOL_STROKE,SIMPLE,annotation,170
COMPOSITE_TEXT_WITH_BLANKING_BOX,SIMPLE,annotation,170
COMPOSITE_TEXT_WITH_EXTENT,SIMPLE,annotation,170
CONTEXT_DEPENDENT_INVISIBILITY,SIMPLE,annotation,170
CONTEXT_DEPENDENT_OVER_RIDING_STYLED_ITEM,SIMPLE,annotation,170
DEFINED_SYMBOL,SIMPLE,annotation,170
DESCRIPTION_TEXT,SIMPLE,annotation,170
DIMENSION_TEXT_ASSOCIATIVITY,SIMPLE,annotation,170
DRAUGHTING_ANNOTATION_OCCURRENCE,SIMPLE,annotation,170
DRAUGHTING_ELEMENTS,SIMPLE,annotation,170
DRAUGHTING_MODEL,SIMPLE,annotation,170
DRAUGHTING_MODEL_ITEM_ASSOCIATION,SIMPLE,annotation,170
DRAUGHTING_MODEL_ITEM_ASSOCIATION_WITH_PLACEHOLDER,SIMPLE,annotation,170
DRAUGHTING_PRE_DEFINED_COLOUR,SIMPLE,annotation,170
DRAUGHTING_PRE_DEFINED_TEXT_FONT,SIMPLE,annotation,170
DRAUGHTING_SPECIFICATION_REFERENCE,SIMPLE,annotation,170
DRAUGHTING_TITLE,SIMPLE,annotation,170
EXTERNALLY_DEFINED_COLOUR,SIMPLE,annotation,170
EXTERNALLY_DEFINED_CONTEXT_DEPENDENT_UNIT,SIMPLE,annotation,170
EXTERNALLY_DEFINED_STYLE,SIMPLE,annotation,170
EXTERNALLY_DEFINED_SYMBOL,SIMPLE,annotation,170
EXTERNALLY_DEFINED_TERMINATOR_SYMBOL,SIMPLE,annotation,170
EXTERNALLY_DEFINED_TEXT_FONT,SIMPLE,annotation,170
FILL_AREA_STYLE_TILES,SIMPLE,annotation,170
FILL_AREA_STYLE_TILE_COLOURED_REGION,SIMPLE,annotation,170
FILL_AREA_STYLE_TILE_SYMBOL_WITH_STYLE,SIMPLE,annotation,170
GENERIC_CHARACTER_GLYPH_SYMBOL,SIMPLE,annotation,170
HIDDEN_ELEMENT_OVER_RIDING_STYLED_ITEM,SIMPLE,annotation,170
INCLUDED_TEXT_BLOCK,SIMPLE,annotation,170
MECHANICAL_DESIGN_GEOMETRIC_PRESENTATION_AREA,SIMPLE,annotation,170
MECHANICAL_DESIGN_SHADED_PRESENTATION_AREA,SIMPLE,annotation,170
PLANAR_PAIR_VALUE,SIMPLE,annotation,170
PLANAR_PAIR_WITH_RANGE,SIMPLE,annotation,170
PMI_REQUIREMENT_ITEM_ASSOCIATION,SIMPLE,annotation,170
PRESENTATION_AREA,SIMPLE,annotation,170
PRESENTATION_SET,SIMPLE,annotation,170
PRESENTATION_SIZE,SIMPLE,annotation,170
PRESENTATION_VIEW,SIMPLE,annotation,170
PRE_DEFINED_DIMENSION_SYMBOL,SIMPLE,annotation,170
PRE_DEFINED_GEOMETRICAL_TOLERANCE_SYMBOL,SIMPLE,annotation,170
PRE_DEFINED_TERMINATOR_SYMBOL,SIMPLE,annotation,170
REPRESENTATION_PROXY_ITEM,SIMPLE,annotation,170
REPRESENTATION_REFERENCE,SIMPLE,annotation,170
SINGLE_TEXTURE_STYLE_TESSELLATION_SPECIFICATION,SIMPLE,annotation,170
SYMBOL,SIMPLE,annotation,170
SYMBOL_TARGET,SIMPLE,annotation,170
TAGGED_TEXT_FORMAT,SIMPLE,annotation,170
TAGGED_TEXT_ITEM,SIMPLE,annotation,170
TEXTURE_STYLE_SPECIFICATION,SIMPLE,annotation,170
TEXTURE_STYLE_TESSELLATION_SPECIFICATION,SIMPLE,annotation,170
TEXT_FONT_FAMILY,SIMPLE,annotation,170
TEXT_FONT_IN_FAMILY,SIMPLE,annotation,170
TEXT_LITERAL_WITH_BLANKING_BOX,SIMPLE,annotation,170
TEXT_LITERAL_WITH_EXTENT,SIMPLE,annotation,170
TEXT_STYLE_WITH_BOX_CHARACTERISTICS,SIMPLE,annotation,170
USER_DEFINED_TERMINATOR_SYMBOL,SIMPLE,annotation,170
A3M_EQUIVALENCE_SUMMARY_REPORT_REQUEST_WITH_REPRESENTATIVE_VALUE,SIMPLE,action,165
ACTION_ACTUAL,SIMPLE,action,165
ACTION_HAPPENING,SIMPLE,action,165
ACTION_REQUEST_SOLUTION,SIMPLE,action,165
ACTION_REQUEST_STATUS,SIMPLE,action,165
ACTION_RESOURCE,SIMPLE,action,165
ACTION_RESOURCE_REQUIREMENT,SIMPLE,action,165
ACTION_RESOURCE_TYPE,SIMPLE,action,165
CHANGE_REQUEST,SIMPLE,action,165
CONICAL_STEPPED_HOLE_TRANSITION,SIMPLE,action,165
DATA_EQUIVALENCE_REPORT_REQUEST,SIMPLE,action,165
DATA_QUALITY_REPORT_REQUEST,SIMPLE,action,165
DETAILED_EQUIVALENCE_REPORT_REQUEST,SIMPLE,action,165
DETAILED_EQUIVALENCE_REPORT_REQUEST_WITH_NUMBER_OF_INSTANCES,SIMPLE,action,165
DETAILED_REPORT_REQUEST,SIMPLE,action,165
DETAILED_REPORT_REQUEST_WITH_NUMBER_OF_DATA,SIMPLE,action,165
DIRECTED_ACTION,SIMPLE,action,165
EXECUTED_ACTION,SIMPLE,action,165
FINAL_SOLUTION,SIMPLE,action,165
MACHINING_PROCESS_EXECUTABLE,SIMPLE,action,165
PROCESS_OPERATION,SIMPLE,action,165
PROCESS_PLAN,SIMPLE,action,165
PROPERTY_PROCESS,SIMPLE,action,165
REQUIREMENT_FOR_ACTION_RESOURCE,SIMPLE,action,165
RULE_ACTION,SIMPLE,action,165
STEP,SIMPLE,action,165
SUMMARY_REPORT_REQUEST,SIMPLE,action,165
SUMMARY_REPORT_REQUEST_WITH_NUMBER_OF_INSTANCES,SIMPLE,action,165
VERSIONED_ACTION_REQUEST,SIMPLE,action,165
AGGREGATE_ID_ATTRIBUTE,SIMPLE,classification,160
APPLIED_AREA,SIMPLE,classification,160
APPLIED_DOCUMENT_REFERENCE,SIMPLE,classification,160
APPLIED_PRESENTED_ITEM,SIMPLE,classification,160
APPLIED_USAGE_RIGHT,SIMPLE,classification,160
ARRAY_PLACEMENT_GROUP,SIMPLE,classification,160
CC_DESIGN_SECURITY_CLASSIFICATION,SIMPLE,classification,160
CHANGE_GROUP,SIMPLE,classification,160
EXCESSIVE_USE_OF_GROUPS,SIMPLE,classification,160
EXTERNAL_CLASS_LIBRARY,SIMPLE,classification,160
MESSAGE_CONTENTS_GROUP,SIMPLE,classification,160
RULE_SET_GROUP,SIMPLE,classification,160
SECURITY_CLASSIFICATION,SIMPLE,classification,160
SECURITY_CLASSIFICATION_LEVEL,SIMPLE,classification,160
SIMULTANEOUS_CONSTRAINT_GROUP,SIMPLE,classification,160
STATECHAR_APPLIED_OBJECT,SIMPLE,classification,160
STATECHAR_TYPE_APPLIED_OBJECT,SIMPLE,classification,160
TERMINAL_LOCATION_GROUP,SIMPLE,classification,160
VALIDATION_SOFTWARE_IDENTIFICATION,SIMPLE,classification,160
A3MA_EQUIVALENCE_INSPECTION_RESULT,SIMPLE,validation,155
A3MS_EQUIVALENCE_INSPECTION_RESULT,SIMPLE,validation,155
A3M_EQUIVALENCE_ACCURACY_ASSOCIATION,SIMPLE,validation,155
A3M_EQUIVALENCE_ASSESSMENT_BY_LOGICAL_TEST,SIMPLE,validation,155
A3M_EQUIVALENCE_ASSESSMENT_BY_NUMERICAL_TEST,SIMPLE,validation,155
A3M_EQUIVALENCE_CRITERION,SIMPLE,validation,155
A3M_EQUIVALENCE_INSPECTION_INSTANCE_REPORT_ITEM,SIMPLE,validation,155
A3M_EQUIVALENCE_INSPECTION_REQUIREMENT_WITH_VALUES,SIMPLE,validation,155
BOOLEAN_RESULT_2D,SIMPLE,validation,155
DATA_EQUIVALENCE_INSPECTION_CRITERION_REPORT,SIMPLE,validation,155
DATA_EQUIVALENCE_INSPECTION_CRITERION_REPORT_ITEM,SIMPLE,validation,155
DATA_EQUIVALENCE_INSPECTION_INSTANCE_REPORT,SIMPLE,validation,155
DATA_EQUIVALENCE_INSPECTION_INSTANCE_REPORT_ITEM,SIMPLE,validation,155
DATA_EQUIVALENCE_INSPECTION_REPORT,SIMPLE,validation,155
DATA_EQUIVALENCE_INSPECTION_REQUIREMENT,SIMPLE,validation,155
DATA_EQUIVALENCE_INSPECTION_RESULT,SIMPLE,validation,155
DATA_EQUIVALENCE_INSPECTION_RESULT_WITH_JUDGEMENT,SIMPLE,validation,155
DATA_QUALITY_INSPECTION_CRITERION_REPORT,SIMPLE,validation,155
DATA_QUALITY_INSPECTION_CRITERION_REPORT_ITEM,SIMPLE,validation,155
DATA_QUALITY_INSPECTION_INSTANCE_REPORT,SIMPLE,validation,155
DATA_QUALITY_INSPECTION_INSTANCE_REPORT_ITEM,SIMPLE,validation,155
DATA_QUALITY_INSPECTION_REPORT,SIMPLE,validation,155
DATA_QUALITY_INSPECTION_RESULT,SIMPLE,validation,155
DATA_QUALITY_INSPECTION_RESULT_WITH_JUDGEMENT,SIMPLE,validation,155
EXTERNALLY_CONDITIONED_DATA_QUALITY_INSPECTION_INSTANCE_REPORT_ITEM,SIMPLE,validation,155
EXTERNALLY_CONDITIONED_DATA_QUALITY_INSPECTION_RESULT,SIMPLE,validation,155
RESULTING_PATH,SIMPLE,validation,155
VALIDATION,SIMPLE,validation,155
VERIFICATION,SIMPLE,validation,155
AGC_WITH_DIMENSION,SIMPLE,tolerance,150
ANGULARITY_TOLERANCE,SIMPLE,tolerance,150
ANGULAR_DIMENSION,SIMPLE,tolerance,150
CDGC_WITH_DIMENSION,SIMPLE,tolerance,150
CHARACTERISTIC_DATA_TABLE_HEADER_DECOMPOSITION,SIMPLE,tolerance,150
CIRCULAR_RUNOUT_TOLERANCE,SIMPLE,tolerance,150
CLGC_WITH_DIMENSION,SIMPLE,tolerance,150
COAXIALITY_TOLERANCE,SIMPLE,tolerance,150
COMMON_DATUM,SIMPLE,tolerance,150
CONCENTRICITY_TOLERANCE,SIMPLE,tolerance,150
CYLINDRICITY_TOLERANCE,SIMPLE,tolerance,150
DATUM_FEATURE_CALLOUT,SIMPLE,tolerance,150
DATUM_REFERENCE_ELEMENT,SIMPLE,tolerance,150
DATUM_TARGET_CALLOUT,SIMPLE,tolerance,150
DEFAULT_TOLERANCE_TABLE,SIMPLE,tolerance,150
DEFAULT_TOLERANCE_TABLE_CELL,SIMPLE,tolerance,150
DIAMETER_DIMENSION,SIMPLE,tolerance,150
DIMENSIONAL_LOCATION_WITH_DATUM_FEATURE,SIMPLE,tolerance,150
DIMENSIONAL_LOCATION_WITH_PATH,SIMPLE,tolerance,150
DIMENSIONAL_SIZE_WITH_DATUM_FEATURE,SIMPLE,tolerance,150
DIMENSIONAL_SIZE_WITH_PATH,SIMPLE,tolerance,150
DIMENSION_CALLOUT,SIMPLE,tolerance,150
DIMENSION_PAIR,SIMPLE,tolerance,150
DIMENSION_RELATED_TOLERANCE_ZONE_ELEMENT,SIMPLE,tolerance,150
DIRECTED_DIMENSIONAL_LOCATION,SIMPLE,tolerance,150
DIRECTED_TOLERANCE_ZONE,SIMPLE,tolerance,150
FLATNESS_TOLERANCE,SIMPLE,tolerance,150
GENERAL_DATUM_REFERENCE,SIMPLE,tolerance,150
GEOMETRICAL_TOLERANCE_CALLOUT,SIMPLE,tolerance,150
GEOMETRIC_TOLERANCE_AUXILIARY_CLASSIFICATION,SIMPLE,tolerance,150
GEOMETRIC_TOLERANCE_WITH_DEFINED_UNIT,SIMPLE,tolerance,150
GEOMETRIC_TOLERANCE_WITH_MODIFIERS,SIMPLE,tolerance,150
LEADER_DIRECTED_DIMENSION,SIMPLE,tolerance,150
MODIFIED_GEOMETRIC_TOLERANCE,SIMPLE,tolerance,150
ORDINATE_DIMENSION,SIMPLE,tolerance,150
PARALLELISM_TOLERANCE,SIMPLE,tolerance,150
PDGC_WITH_DIMENSION,SIMPLE,tolerance,150
PERPENDICULARITY_TOLERANCE,SIMPLE,tolerance,150
PGC_WITH_DIMENSION,SIMPLE,tolerance,150
PLACED_DATUM_TARGET_FEATURE,SIMPLE,tolerance,150
POGC_WITH_DIMENSION,SIMPLE,tolerance,150
POSITIONED_SKETCH,SIMPLE,tolerance,150
POSITION_TOLERANCE,SIMPLE,tolerance,150
RADIUS_DIMENSION,SIMPLE,tolerance,150
RECTANGULAR_AREA,SIMPLE,tolerance,150
RECTANGULAR_ARRAY_PLACEMENT_GROUP_COMPONENT,SIMPLE,tolerance,150
RECTANGULAR_PATTERN,SIMPLE,tolerance,150
RECTANGULAR_PYRAMID,SIMPLE,tolerance,150
REFERENCED_MODIFIED_DATUM,SIMPLE,tolerance,150
REPOSITIONED_NEUTRAL_SKETCH,SIMPLE,tolerance,150
RGC_WITH_DIMENSION,SIMPLE,tolerance,150
ROUNDNESS_TOLERANCE,SIMPLE,tolerance,150
RUNOUT_ZONE_ORIENTATION,SIMPLE,tolerance,150
SDGC_WITH_DIMENSION,SIMPLE,tolerance,150
SOLID_WITH_INCOMPLETE_RECTANGULAR_PATTERN,SIMPLE,tolerance,150
SOLID_WITH_RECTANGULAR_PATTERN,SIMPLE,tolerance,150
SOLID_WITH_RECTANGULAR_POCKET,SIMPLE,tolerance,150
SOLID_WITH_RECTANGULAR_PROTRUSION,SIMPLE,tolerance,150
STRAIGHTNESS_TOLERANCE,SIMPLE,tolerance,150
STRICT_TRIANGULAR_MATRIX,SIMPLE,tolerance,150
SYMMETRY_TOLERANCE,SIMPLE,tolerance,150
THREAD_RUNOUT,SIMPLE,tolerance,150
TOLERANCE_ZONE_WITH_DATUM,SIMPLE,tolerance,150
TOTAL_RUNOUT_TOLERANCE,SIMPLE,tolerance,150
TRIANGULAR_MATRIX,SIMPLE,tolerance,150
UNEQUALLY_DISPOSED_GEOMETRIC_TOLERANCE,SIMPLE,tolerance,150
CHARACTERISTIC_DATA_COLUMN_HEADER_LINK,SIMPLE,kinematic,145
CYLINDRICAL_11,SIMPLE,kinematic,145
CYLINDRICAL_PAIR_VALUE,SIMPLE,kinematic,145
CYLINDRICAL_PAIR_WITH_RANGE,SIMPLE,kinematic,145
CYLINDRICAL_VOLUME,SIMPLE,kinematic,145
DATA_EQUIVALENCE_INSPECTED_ELEMENT_PAIR,SIMPLE,kinematic,145
FULLY_CONSTRAINED_PAIR,SIMPLE,kinematic,145
GEAR,SIMPLE,kinematic,145
GEAR_PAIR_VALUE,SIMPLE,kinematic,145
HIGH_ORDER_KINEMATIC_PAIR,SIMPLE,kinematic,145
HOMOKINETIC_PAIR,SIMPLE,kinematic,145
KINEMATIC_ANALYSIS_CONSISTENCY,SIMPLE,kinematic,145
KINEMATIC_ANALYSIS_RESULT,SIMPLE,kinematic,145
KINEMATIC_CONTROL,SIMPLE,kinematic,145
KINEMATIC_PATH_DEFINED_BY_NODES,SIMPLE,kinematic,145
KINEMATIC_PATH_SEGMENT,SIMPLE,kinematic,145
LOW_ORDER_KINEMATIC_PAIR,SIMPLE,kinematic,145
LOW_ORDER_KINEMATIC_PAIR_VALUE,SIMPLE,kinematic,145
LOW_ORDER_KINEMATIC_PAIR_WITH_MOTION_COUPLING,SIMPLE,kinematic,145
PAIR_VALUE,SIMPLE,kinematic,145
PRISMATIC_PAIR_VALUE,SIMPLE,kinematic,145
PRISMATIC_PAIR_WITH_RANGE,SIMPLE,kinematic,145
RACK_AND_PINION_PAIR_VALUE,SIMPLE,kinematic,145
RACK_AND_PINION_PAIR_WITH_RANGE,SIMPLE,kinematic,145
REVOLUTE_PAIR_VALUE,SIMPLE,kinematic,145
REVOLUTE_PAIR_WITH_RANGE,SIMPLE,kinematic,145
SCREW_PAIR_VALUE,SIMPLE,kinematic,145
SCREW_PAIR_WITH_RANGE,SIMPLE,kinematic,145
SPHERICAL_CAP,SIMPLE,kinematic,145
SPHERICAL_PAIR_VALUE,SIMPLE,kinematic,145
SPHERICAL_PAIR_WITH_PIN,SIMPLE,kinematic,145
SPHERICAL_PAIR_WITH_PIN_AND_RANGE,SIMPLE,kinematic,145
SPHERICAL_PAIR_WITH_RANGE,SIMPLE,kinematic,145
SPHERICAL_VOLUME,SIMPLE,kinematic,145
UNCONSTRAINED_PAIR,SIMPLE,kinematic,145
UNCONSTRAINED_PAIR_VALUE,SIMPLE,kinematic,145
UNIVERSAL_PAIR_VALUE,SIMPLE,kinematic,145
UNIVERSAL_PAIR_WITH_RANGE,SIMPLE,kinematic,145
A3MS_EQUIVALENCE_CRITERION_WITH_SPECIFIED_ELEMENTS,SIMPLE,fea,140
A3M_EQUIVALENCE_CRITERION_WITH_SPECIFIED_ELEMENTS,SIMPLE,fea,140
ADD_ELEMENT,SIMPLE,fea,140
BREAKDOWN_ELEMENT_REALIZATION,SIMPLE,fea,140
BREAKDOWN_ELEMENT_USAGE,SIMPLE,fea,140
CHANGE_ELEMENT,SIMPLE,fea,140
CHANGE_ELEMENT_SEQUENCE,SIMPLE,fea,140
COMPOUND_FEATURE,SIMPLE,fea,140
CONCEPT_FEATURE_OPERATOR,SIMPLE,fea,140
CONDITIONAL_CONCEPT_FEATURE,SIMPLE,fea,140
CONTACTING_FEATURE,SIMPLE,fea,140
CONTACT_FEATURE,SIMPLE,fea,140
DEFINITE_INTEGRAL_EXPRESSION,SIMPLE,fea,140
DEFINITE_INTEGRAL_FUNCTION,SIMPLE,fea,140
DELETE_ELEMENT,SIMPLE,fea,140
DIFFERENT_NUMBER_OF_GEOMETRIC_ELEMENTS,SIMPLE,fea,140
DIFFERENT_NUMBER_OF_TOPOLOGICAL_ELEMENTS,SIMPLE,fea,140
ELEMENTARY_FUNCTION,SIMPLE,fea,140
ELEMENTARY_SPACE,SIMPLE,fea,140
FEATURE_IN_PANEL,SIMPLE,fea,140
FEATURE_PATTERN,SIMPLE,fea,140
FINITE_FUNCTION,SIMPLE,fea,140
FINITE_INTEGER_INTERVAL,SIMPLE,fea,140
FINITE_REAL_INTERVAL,SIMPLE,fea,140
FINITE_SPACE,SIMPLE,fea,140
FIXED_ELEMENT_GEOMETRIC_CONSTRAINT,SIMPLE,fea,140
FUNCTIONAL_ELEMENT_USAGE,SIMPLE,fea,140
GENERAL_FEATURE,SIMPLE,fea,140
GENERATED_FINITE_NUMERIC_SPACE,SIMPLE,fea,140
HARNESS_NODE,SIMPLE,fea,140
IMPORTED_VOLUME_FUNCTION,SIMPLE,fea,140
INAPPROPRIATE_ELEMENT_VISIBILITY,SIMPLE,fea,140
INCONSISTENT_ELEMENT_REFERENCE,SIMPLE,fea,140
INDIRECTLY_SELECTED_ELEMENTS,SIMPLE,fea,140
INSTANCED_FEATURE,SIMPLE,fea,140
MODIFY_ELEMENT,SIMPLE,fea,140
PATH_NODE,SIMPLE,fea,140
PHYSICAL_ELEMENT_USAGE,SIMPLE,fea,140
PLACED_FEATURE,SIMPLE,fea,140
REPLICATE_FEATURE,SIMPLE,fea,140
SYSTEM_ELEMENT_USAGE,SIMPLE,fea,140
TERMINAL_FEATURE,SIMPLE,fea,140
TRANSITION_FEATURE,SIMPLE,fea,140
TRANSPORT_FEATURE,SIMPLE,fea,140
USER_SELECTED_ELEMENTS,SIMPLE,fea,140
WRONG_ELEMENT_NAME,SIMPLE,fea,140
ZONE_ELEMENT_USAGE,SIMPLE,fea,140
ADDITIVE_MANUFACTURING_SETUP,SIMPLE,manufacturing,135
ADDITIVE_MANUFACTURING_SUPPORT_STRUCTURE_GEOMETRY_RELATIONSHIP,MEDIUM,geometry,135
ATTACHMENT_SLOT_AS_PLANNED,SIMPLE,manufacturing,135
ATTACHMENT_SLOT_AS_REALIZED,SIMPLE,manufacturing,135
ATTACHMENT_SLOT_DESIGN,SIMPLE,manufacturing,135
ATTACHMENT_SLOT_DESIGN_TO_PLANNED,SIMPLE,manufacturing,135
ATTACHMENT_SLOT_DESIGN_TO_REALIZED,SIMPLE,manufacturing,135
ATTACHMENT_SLOT_PLANNED_TO_REALIZED,SIMPLE,manufacturing,135
BARRING_HOLE,SIMPLE,manufacturing,135
CHAMFER,SIMPLE,manufacturing,135
CHAMFER_OFFSET,SIMPLE,manufacturing,135
COMPOSITE_HOLE,SIMPLE,manufacturing,135
CONNECTION_ZONE_INTERFACE_PLANE_RELATIONSHIP,MEDIUM,geometry,135
CONSTRUCTIVE_GEOMETRY_REPRESENTATION,MEDIUM,geometry,135
CONSTRUCTIVE_GEOMETRY_REPRESENTATION_RELATIONSHIP,MEDIUM,geometry,135
COUNTERBORE_HOLE_OCCURRENCE,SIMPLE,manufacturing,135
COUNTERDRILL_HOLE_OCCURRENCE,SIMPLE,manufacturing,135
COUNTERSINK_HOLE_OCCURRENCE,SIMPLE,manufacturing,135
CURVE_STYLE_PARAMETERS_REPRESENTATION,MEDIUM,geometry,135
CURVE_SWEPT_SOLID_SHAPE_REPRESENTATION,MEDIUM,geometry,135
DIRECTION_SHAPE_REPRESENTATION,MEDIUM,geometry,135
DRAWING_SHEET_LAYOUT,SIMPLE,manufacturing,135
DRAWING_SHEET_REVISION,SIMPLE,manufacturing,135
DRAWING_SHEET_REVISION_SEQUENCE,SIMPLE,manufacturing,135
DRAWING_SHEET_REVISION_USAGE,SIMPLE,manufacturing,135
ERRONEOUS_B_SPLINE_CURVE_DEFINITION,MEDIUM,geometry,135
ERRONEOUS_B_SPLINE_SURFACE_DEFINITION,MEDIUM,geometry,135
ERRONEOUS_TOPOLOGY_AND_GEOMETRY_RELATIONSHIP,MEDIUM,geometry,135
EXPLICIT_COMPOSITE_HOLE,SIMPLE,manufacturing,135
EXPLICIT_ROUND_HOLE,SIMPLE,manufacturing,135
FILLET,SIMPLE,manufacturing,135
GEOMETRICALLY_BOUNDED_SURFACE_SHAPE_REPRESENTATION,MEDIUM,geometry,135
HOLE_BOTTOM,SIMPLE,manufacturing,135
HOLE_IN_PANEL,SIMPLE,manufacturing,135
INAPT_TOPOLOGY_AND_GEOMETRY_RELATIONSHIP,MEDIUM,geometry,135
LINEAR_ARRAY_COMPONENT_DEFINITION_LINK,MEDIUM,geometry,135
LINEAR_FLEXIBLE_LINK_REPRESENTATION,MEDIUM,geometry,135
MANIFOLD_SUBSURFACE_SHAPE_REPRESENTATION,MEDIUM,geometry,135
MANIFOLD_SURFACE_SHAPE_REPRESENTATION,MEDIUM,geometry,135
NEAR_POINT_RELATIONSHIP,MEDIUM,geometry,135
NON_MANIFOLD_SURFACE_SHAPE_REPRESENTATION,MEDIUM,geometry,135
OVERCOMPLEX_TOPOLOGY_AND_GEOMETRY_RELATIONSHIP,MEDIUM,geometry,135
POCKET,SIMPLE,manufacturing,135
POCKET_BOTTOM,SIMPLE,manufacturing,135
POINT_PLACEMENT_SHAPE_REPRESENTATION,MEDIUM,geometry,135
RATIONAL_REPRESENTATION_ITEM,MEDIUM,geometry,135
REPRESENTATION_RELATIONSHIP_WITH_TRANSFORMATION,MEDIUM,geometry,135
ROUND_HOLE,SIMPLE,manufacturing,135
SLOT,SIMPLE,manufacturing,135
SLOT_END,SIMPLE,manufacturing,135
SURFACE_TEXTURE_REPRESENTATION,MEDIUM,geometry,135
ADVANCED_BREP_SHAPE_REPRESENTATION,MEDIUM,topology,130
CONNECTED_EDGE_WITH_LENGTH_SET_REPRESENTATION,MEDIUM,topology,130
EDGE_BASED_WIREFRAME_SHAPE_REPRESENTATION,MEDIUM,topology,130
ELEMENTARY_BREP_SHAPE_REPRESENTATION,MEDIUM,topology,130
ERRONEOUS_MANIFOLD_SOLID_BREP,MEDIUM,topology,130
FACETED_BREP_SHAPE_REPRESENTATION,MEDIUM,topology,130
FACE_SHAPE_REPRESENTATION,MEDIUM,topology,130
FACE_SHAPE_REPRESENTATION_RELATIONSHIP,MEDIUM,topology,130
GEOMETRICALLY_BOUNDED_2D_WIREFRAME_REPRESENTATION,MEDIUM,topology,130
GEOMETRICALLY_BOUNDED_WIREFRAME_SHAPE_REPRESENTATION,MEDIUM,topology,130
GEOMETRIC_CONTACT,SIMPLE,organization,130
INAPT_MANIFOLD_SOLID_BREP,MEDIUM,topology,130
INTERFACE_CONNECTOR_DEFINITION,MEDIUM,topology,130
INTERFACE_DEFINITION_CONNECTION,MEDIUM,topology,130
INTERFACE_DEFINITION_FOR,MEDIUM,topology,130
INTERFACE_SPECIFICATION_DEFINITION,MEDIUM,topology,130
KINEMATIC_PROPERTY_TOPOLOGY_REPRESENTATION,MEDIUM,topology,130
ORGANIZATIONAL_ADDRESS,SIMPLE,organization,130
ORGANIZATIONAL_PROJECT,SIMPLE,organization,130
ORGANIZATION_TYPE,SIMPLE,organization,130
PERSONAL_ADDRESS,SIMPLE,organization,130
PERSON_AND_ORGANIZATION,SIMPLE,organization,130
SHELL_BASED_WIREFRAME_SHAPE_REPRESENTATION,MEDIUM,topology,130
SIMPLIFIED_SPOTFACE_HOLE_DEFINITION,MEDIUM,topology,130
SINGLE_BOUNDARY_CSG_2D_SHAPE_REPRESENTATION,MEDIUM,topology,130
SPOTFACE_DEFINITION,MEDIUM,topology,130
SPOTFACE_HOLE_DEFINITION,MEDIUM,topology,130
A3MA_ASSEMBLY_AND_SHAPE_CRITERIA_RELATIONSHIP,MEDIUM,product,125
A3M_EQUIVALENCE_CRITERION_FOR_ASSEMBLY,MEDIUM,product,125
A3M_EQUIVALENCE_CRITERION_FOR_SHAPE,MEDIUM,product,125
A3M_EQUIVALENCE_CRITERION_OF_ASSEMBLY_DATA_STRUCTURE,MEDIUM,product,125
A3M_EQUIVALENCE_CRITERION_OF_COMPONENT_PROPERTY_DIFFERENCE,MEDIUM,product,125
A3M_EQUIVALENCE_CRITERION_OF_DETAILED_ASSEMBLY_DATA_CONTENT,MEDIUM,product,125
A3M_EQUIVALENCE_CRITERION_OF_DETAILED_SHAPE_DATA_CONTENT,MEDIUM,product,125
A3M_EQUIVALENCE_CRITERION_OF_REPRESENTATIVE_ASSEMBLY_PROPERTY_VALUE,MEDIUM,product,125
A3M_EQUIVALENCE_CRITERION_OF_REPRESENTATIVE_SHAPE_PROPERTY_VALUE,MEDIUM,product,125
A3M_EQUIVALENCE_CRITERION_OF_SHAPE_DATA_STRUCTURE,MEDIUM,product,125
A3M_INSPECTED_MODEL_AND_INSPECTION_RESULT_RELATIONSHIP,MEDIUM,product,125
ALL_AROUND_SHAPE_ASPECT,MEDIUM,product,125
ASSEMBLY_BOND_DEFINITION,MEDIUM,product,125
ASSEMBLY_COMPONENT,MEDIUM,product,125
ASSEMBLY_COMPONENT_USAGE,MEDIUM,product,125
ASSEMBLY_COMPONENT_USAGE_SUBSTITUTE,MEDIUM,product,125
ASSEMBLY_GEOMETRIC_CONSTRAINT,MEDIUM,product,125
ASSEMBLY_GROUP_COMPONENT,MEDIUM,product,125
ASSEMBLY_GROUP_COMPONENT_DEFINITION_PLACEMENT_LINK,MEDIUM,product,125
ASSEMBLY_JOINT,MEDIUM,product,125
ASSEMBLY_SHAPE_CONSTRAINT,MEDIUM,product,125
ASSEMBLY_SHAPE_CONSTRAINT_ITEM_RELATIONSHIP,MEDIUM,product,125
ASSEMBLY_SHAPE_JOINT,MEDIUM,product,125
ASSEMBLY_SHAPE_JOINT_ITEM_RELATIONSHIP,MEDIUM,product,125
BETWEEN_SHAPE_ASPECT,MEDIUM,product,125
BINARY_ASSEMBLY_CONSTRAINT,MEDIUM,product,125
COAXIAL_ASSEMBLY_CONSTRAINT,MEDIUM,product,125
COMPONENT_FEATURE_RELATIONSHIP,MEDIUM,product,125
COMPONENT_PATH_SHAPE_ASPECT,MEDIUM,product,125
COMPOSITE_ASSEMBLY_SEQUENCE_DEFINITION,MEDIUM,product,125
COMPOSITE_ASSEMBLY_TABLE,MEDIUM,product,125
COMPOSITE_GROUP_SHAPE_ASPECT,MEDIUM,product,125
CONDITIONAL_EFFECTIVITY,SIMPLE,date_time,125
CONFIGURATION_ITEM_HIERARCHICAL_RELATIONSHIP,MEDIUM,product,125
CONFIGURATION_ITEM_RELATIONSHIP,MEDIUM,product,125
CONNECTION_ZONE_BASED_ASSEMBLY_JOINT,MEDIUM,product,125
CONNECTIVITY_DEFINITION_ITEM_RELATIONSHIP,MEDIUM,product,125
CONSTITUENT_SHAPE_ASPECT,MEDIUM,product,125
CONTINUOUS_SHAPE_ASPECT,MEDIUM,product,125
COUNTERBORE_HOLE_OCCURRENCE_IN_ASSEMBLY,MEDIUM,product,125
COUNTERDRILL_HOLE_OCCURRENCE_IN_ASSEMBLY,MEDIUM,product,125
COUNTERSINK_HOLE_OCCURRENCE_IN_ASSEMBLY,MEDIUM,product,125
CROSS_SECTIONAL_ALTERNATIVE_SHAPE_ELEMENT,MEDIUM,product,125
CROSS_SECTIONAL_GROUP_SHAPE_ELEMENT,MEDIUM,product,125
CROSS_SECTIONAL_GROUP_SHAPE_ELEMENT_WITH_LACING,MEDIUM,product,125
CROSS_SECTIONAL_GROUP_SHAPE_ELEMENT_WITH_TUBULAR_COVER,MEDIUM,product,125
CROSS_SECTIONAL_OCCURRENCE_SHAPE_ELEMENT,MEDIUM,product,125
CROSS_SECTIONAL_PART_SHAPE_ELEMENT,MEDIUM,product,125
CSG_PRIMITIVE_SOLID_2D,MEDIUM,product,125
CSG_SOLID_2D,MEDIUM,product,125
CYCLIDE_SEGMENT_SOLID,MEDIUM,product,125
DATE,SIMPLE,date_time,125
DATED_EFFECTIVITY,SIMPLE,date_time,125
DEFINITIONAL_PRODUCT_DEFINITION_USAGE,MEDIUM,product,125
DERIVED_SHAPE_ASPECT,MEDIUM,product,125
DIFFERENT_ANGLE_OF_ASSEMBLY_CONSTRAINT,MEDIUM,product,125
DIFFERENT_ASSEMBLY_CENTROID,MEDIUM,product,125
DIFFERENT_ASSEMBLY_CENTROID_USING_NOTIONAL_SOLID,MEDIUM,product,125
DIFFERENT_ASSEMBLY_CONSTRAINT_TYPE,MEDIUM,product,125
DIFFERENT_ASSEMBLY_VOLUME,MEDIUM,product,125
DIFFERENT_COMPONENT_SHAPE,MEDIUM,product,125
DIFFERENT_LENGTH_OF_ASSEMBLY_CONSTRAINT,MEDIUM,product,125
DISALLOWED_ASSEMBLY_RELATIONSHIP_USAGE,MEDIUM,product,125
ENTIRELY_NARROW_SOLID,MEDIUM,product,125
EVALUATION_PRODUCT_DEFINITION,MEDIUM,product,125
EXTERNALLY_DEFINED_ITEM_RELATIONSHIP,MEDIUM,product,125
FEATURE_COMPONENT_DEFINITION,MEDIUM,product,125
FEATURE_COMPONENT_RELATIONSHIP,MEDIUM,product,125
FIXED_CONSTITUENT_ASSEMBLY_CONSTRAINT,MEDIUM,product,125
GENERIC_PRODUCT_DEFINITION_REFERENCE,MEDIUM,product,125
GEOMETRIC_MODEL_ELEMENT_RELATIONSHIP,MEDIUM,product,125
INCIDENCE_ASSEMBLY_CONSTRAINT,MEDIUM,product,125
INDIRECTLY_SELECTED_SHAPE_ELEMENTS,MEDIUM,product,125
INTEGER_INTERVAL_FROM_MIN,SIMPLE,date_time,125
INTEGER_INTERVAL_TO_MAX,SIMPLE,date_time,125
INTERVAL_EXPRESSION,SIMPLE,date_time,125
ITEM_LINK_MOTION_RELATIONSHIP,MEDIUM,product,125
MISSING_ASSEMBLY_CONSTRAINT,MEDIUM,product,125
MODIFIED_SOLID,MEDIUM,product,125
MODIFIED_SOLID_WITH_PLACED_CONFIGURATION,MEDIUM,product,125
MULTIPLY_DEFINED_SOLIDS,MEDIUM,product,125
ORDINAL_DATE,SIMPLE,date_time,125
PARALLEL_ASSEMBLY_CONSTRAINT,MEDIUM,product,125
PARTLY_OVERLAPPING_SOLIDS,MEDIUM,product,125
PERPENDICULAR_ASSEMBLY_CONSTRAINT,MEDIUM,product,125
PRODUCT_CATEGORY_RELATIONSHIP,MEDIUM,product,125
PRODUCT_CONCEPT_RELATIONSHIP,MEDIUM,product,125
PRODUCT_DATA_AND_DATA_EQUIVALENCE_RELATIONSHIP,MEDIUM,product,125
PRODUCT_DATA_AND_DATA_QUALITY_RELATIONSHIP,MEDIUM,product,125
PRODUCT_DEFINITION_EFFECTIVITY,MEDIUM,product,125
PRODUCT_DEFINITION_ELEMENT_RELATIONSHIP,MEDIUM,product,125
PRODUCT_DEFINITION_FORMATION,MEDIUM,product,125
PRODUCT_DEFINITION_FORMATION_RELATIONSHIP,MEDIUM,product,125
PRODUCT_DEFINITION_FORMATION_RESOURCE,MEDIUM,product,125
PRODUCT_DEFINITION_FORMATION_WITH_SPECIFIED_SOURCE,MEDIUM,product,125
PRODUCT_DEFINITION_GROUP_ASSIGNMENT,MEDIUM,product,125
PRODUCT_DEFINITION_KINEMATICS,MEDIUM,product,125
PRODUCT_DEFINITION_OCCURRENCE,MEDIUM,product,125
PRODUCT_DEFINITION_OCCURRENCE_REFERENCE,MEDIUM,product,125
PRODUCT_DEFINITION_OCCURRENCE_RELATIONSHIP,MEDIUM,product,125
PRODUCT_DEFINITION_PROCESS,MEDIUM,product,125
PRODUCT_DEFINITION_REFERENCE,MEDIUM,product,125
PRODUCT_DEFINITION_RELATIONSHIP_KINEMATICS,MEDIUM,product,125
PRODUCT_DEFINITION_RESOURCE,MEDIUM,product,125
PRODUCT_DEFINITION_SPECIFIED_OCCURRENCE,MEDIUM,product,125
PRODUCT_DEFINITION_SUBSTITUTE,MEDIUM,product,125
PRODUCT_DEFINITION_USAGE,MEDIUM,product,125
PRODUCT_DEFINITION_USAGE_RELATIONSHIP,MEDIUM,product,125
PRODUCT_GROUP_ATTRIBUTE_ASSIGNMENT,MEDIUM,product,125
PRODUCT_GROUP_RELATIONSHIP,MEDIUM,product,125
PRODUCT_GROUP_RULE_ASSIGNMENT,MEDIUM,product,125
REAL_INTERVAL_FROM_MIN,SIMPLE,date_time,125
REAL_INTERVAL_TO_MAX,SIMPLE,date_time,125
SAME_AS_EXTERNAL_ITEM_ASSIGNMENT,MEDIUM,product,125
SCULPTURED_SOLID,MEDIUM,product,125
SERIAL_NUMBERED_EFFECTIVITY,SIMPLE,date_time,125
SHAPE_ASPECT_DERIVING_RELATIONSHIP,MEDIUM,product,125
SHAPE_DATA_QUALITY_INSPECTED_SHAPE_AND_RESULT_RELATIONSHIP,MEDIUM,product,125
SHAPE_DEFINING_RELATIONSHIP,MEDIUM,product,125
SHAPE_FEATURE_DEFINITION,MEDIUM,product,125
SHAPE_FEATURE_DEFINITION_ELEMENT_RELATIONSHIP,MEDIUM,product,125
SHAPE_FEATURE_DEFINITION_FIT_RELATIONSHIP,MEDIUM,product,125
SHAPE_FEATURE_DEFINITION_RELATIONSHIP,MEDIUM,product,125
SHAPE_FEATURE_FIT_RELATIONSHIP,MEDIUM,product,125
SMALL_VOLUME_SOLID,MEDIUM,product,125
SOLID_WITH_SHAPE_ELEMENT_PATTERN,MEDIUM,product,125
SWEPT_AREA_SOLID,MEDIUM,product,125
SYMMETRIC_SHAPE_ASPECT,MEDIUM,product,125
TANGENT_ASSEMBLY_CONSTRAINT,MEDIUM,product,125
TIME_INTERVAL,SIMPLE,date_time,125
TIME_INTERVAL_BASED_EFFECTIVITY,SIMPLE,date_time,125
TRACK_BLENDED_SOLID,MEDIUM,product,125
TRACK_BLENDED_SOLID_WITH_END_CONDITIONS,MEDIUM,product,125
TWISTED_CROSS_SECTIONAL_GROUP_SHAPE_ELEMENT,MEDIUM,product,125
UNUSED_SHAPE_ELEMENT,MEDIUM,product,125
USER_SELECTED_SHAPE_ELEMENTS,MEDIUM,product,125
WEEK_OF_YEAR_AND_DAY_DATE,SIMPLE,date_time,125
YEAR_MONTH,SIMPLE,date_time,125
A3MA_LENGTH_MEASURE_AND_CONTEXT_DEPENDENT_MEASURE_PAIR,MEDIUM,annotation,120
A3M_EQUIVALENCE_CRITERIA_REPRESENTATION,MEDIUM,annotation,120
A3M_EQUIVALENCE_INSPECTION_RESULT_REPRESENTATION,MEDIUM,annotation,120
A3M_EQUIVALENCE_INSPECTION_RESULT_REPRESENTATION_FOR_ASSEMBLY,MEDIUM,annotation,120
A3M_EQUIVALENCE_INSPECTION_RESULT_REPRESENTATION_FOR_SHAPE,MEDIUM,annotation,120
ACTION_PROPERTY_REPRESENTATION,MEDIUM,annotation,120
ANALYSIS_REPRESENTATION_CONTEXT,MEDIUM,annotation,120
ANNOTATION_OCCURRENCE_RELATIONSHIP,MEDIUM,annotation,120
APPLICATION_CONTEXT_ELEMENT,MEDIUM,annotation,120
APPLIED_DESCRIPTION_TEXT_ASSIGNMENT,MEDIUM,annotation,120
APPLIED_DESCRIPTION_TEXT_ASSIGNMENT_RELATIONSHIP,MEDIUM,annotation,120
APPLIED_LOCATION_REPRESENTATION_ASSIGNMENT,MEDIUM,annotation,120
AUXILIARY_GEOMETRIC_REPRESENTATION_ITEM,MEDIUM,annotation,120
BEVELED_SHEET_REPRESENTATION,MEDIUM,annotation,120
BINARY_REPRESENTATION_ITEM,MEDIUM,annotation,120
BOOLEAN_REPRESENTATION_ITEM,MEDIUM,annotation,120
BREAKDOWN_CONTEXT,MEDIUM,annotation,120
BYTES_REPRESENTATION_ITEM,MEDIUM,annotation,120
CC_DESIGN_SPECIFICATION_REFERENCE,SIMPLE,document,120
CHAIN_BASED_ITEM_IDENTIFIED_REPRESENTATION_USAGE,MEDIUM,annotation,120
CHARACTERIZED_CHAIN_BASED_ITEM_WITHIN_REPRESENTATION,MEDIUM,annotation,120
CHARACTERIZED_ITEM_WITHIN_REPRESENTATION,MEDIUM,annotation,120
CHARACTERIZED_REPRESENTATION,MEDIUM,annotation,120
CLASS_USAGE_EFFECTIVITY_CONTEXT_ASSIGNMENT,MEDIUM,annotation,120
COLLECTION_VERSION,SIMPLE,document,120
COMPOSITE_SHEET_REPRESENTATION,MEDIUM,annotation,120
COMPOUND_SHAPE_REPRESENTATION,MEDIUM,annotation,120
CONFIGURED_EFFECTIVITY_CONTEXT_ASSIGNMENT,MEDIUM,annotation,120
CONSTRAINED_KINEMATIC_MOTION_REPRESENTATION,MEDIUM,annotation,120
CONTACT_RATIO_REPRESENTATION,MEDIUM,annotation,120
CONTEXT_DEPENDENT_KINEMATIC_LINK_REPRESENTATION,MEDIUM,annotation,120
CSG_2D_SHAPE_REPRESENTATION,MEDIUM,annotation,120
CSG_SHAPE_REPRESENTATION,MEDIUM,annotation,120
DATA_EQUIVALENCE_ASSESSMENT_SPECIFICATION,SIMPLE,document,120
DATA_EQUIVALENCE_CRITERIA_REPRESENTATION,MEDIUM,annotation,120
DATA_EQUIVALENCE_DEFINITION_REPRESENTATION_RELATIONSHIP,MEDIUM,annotation,120
DATA_EQUIVALENCE_INSPECTION_RESULT_REPRESENTATION,MEDIUM,annotation,120
DATA_QUALITY_ASSESSMENT_SPECIFICATION,SIMPLE,document,120
DATA_QUALITY_CRITERIA_REPRESENTATION,MEDIUM,annotation,120
DATA_QUALITY_DEFINITION_REPRESENTATION_RELATIONSHIP,MEDIUM,annotation,120
DATA_QUALITY_INSPECTION_RESULT_REPRESENTATION,MEDIUM,annotation,120
DATE_REPRESENTATION_ITEM,MEDIUM,annotation,120
DATE_TIME_REPRESENTATION_ITEM,MEDIUM,annotation,120
DEFINITIONAL_REPRESENTATION,MEDIUM,annotation,120
DEFINITIONAL_REPRESENTATION_RELATIONSHIP,MEDIUM,annotation,120
DEFINITIONAL_REPRESENTATION_RELATIONSHIP_WITH_SAME_CONTEXT,MEDIUM,annotation,120
DESCRIPTION_TEXT_ASSIGNMENT,MEDIUM,annotation,120
DESCRIPTION_TEXT_ASSIGNMENT_RELATIONSHIP,MEDIUM,annotation,120
DESIGN_CONTEXT,MEDIUM,annotation,120
DIMENSIONAL_CHARACTERISTIC_REPRESENTATION,MEDIUM,annotation,120
DOCUMENT_FILE,SIMPLE,document,120
DOCUMENT_IDENTIFIER,SIMPLE,document,120
DOCUMENT_REPRESENTATION_TYPE,MEDIUM,annotation,120
DOCUMENT_USAGE_CONSTRAINT,SIMPLE,document,120
DRAUGHTING_CALLOUT_RELATIONSHIP,MEDIUM,annotation,120
DRAUGHTING_SUBFIGURE_REPRESENTATION,MEDIUM,annotation,120
DRAUGHTING_SYMBOL_REPRESENTATION,MEDIUM,annotation,120
EFFECTIVITY_CONTEXT_ASSIGNMENT,MEDIUM,annotation,120
EFFECTIVITY_CONTEXT_ROLE,MEDIUM,annotation,120
EXPLICIT_PROCEDURAL_GEOMETRIC_REPRESENTATION_ITEM_RELATIONSHIP,MEDIUM,annotation,120
EXPLICIT_PROCEDURAL_REPRESENTATION_ITEM_RELATIONSHIP,MEDIUM,annotation,120
EXPLICIT_PROCEDURAL_REPRESENTATION_RELATIONSHIP,MEDIUM,annotation,120
EXPLICIT_PROCEDURAL_SHAPE_REPRESENTATION_RELATIONSHIP,MEDIUM,annotation,120
EXTERNALLY_CONDITIONED_DATA_QUALITY_CRITERIA_REPRESENTATION,MEDIUM,annotation,120
EXTERNALLY_CONDITIONED_DATA_QUALITY_INSPECTION_RESULT_REPRESENTATION,MEDIUM,annotation,120
EXTERNALLY_DEFINED_PICTURE_REPRESENTATION_ITEM,MEDIUM,annotation,120
EXTERNALLY_DEFINED_REPRESENTATION,MEDIUM,annotation,120
EXTERNALLY_DEFINED_REPRESENTATION_ITEM,MEDIUM,annotation,120
FLAT_PATTERN_PLY_REPRESENTATION_RELATIONSHIP,MEDIUM,annotation,120
FREE_KINEMATIC_MOTION_REPRESENTATION,MEDIUM,annotation,120
FUNCTIONAL_BREAKDOWN_CONTEXT,MEDIUM,annotation,120
GEOMETRIC_REPRESENTATION_CONTEXT_WITH_PARAMETER,MEDIUM,annotation,120
GPS_FILTRATION_SPECIFICATION,SIMPLE,document,120
HARDNESS_REPRESENTATION,MEDIUM,annotation,120
INSTANCE_USAGE_CONTEXT_ASSIGNMENT,MEDIUM,annotation,120
INTEGER_REPRESENTATION_ITEM,MEDIUM,annotation,120
INTERPOLATED_CONFIGURATION_REPRESENTATION,MEDIUM,annotation,120
ITEM_IDENTIFIED_REPRESENTATION_USAGE,MEDIUM,annotation,120
KINEMATIC_LINK_REPRESENTATION,MEDIUM,annotation,120
KINEMATIC_LINK_REPRESENTATION_ASSOCIATION,MEDIUM,annotation,120
KINEMATIC_PROPERTY_DEFINITION_REPRESENTATION,MEDIUM,annotation,120
KINEMATIC_PROPERTY_MECHANISM_REPRESENTATION,MEDIUM,annotation,120
LINK_MOTION_REPRESENTATION_ALONG_PATH,MEDIUM,annotation,120
LOCATION_IN_AGGREGATE_REPRESENTATION_ITEM,MEDIUM,annotation,120
LOCATION_REPRESENTATION_ASSIGNMENT,MEDIUM,annotation,120
LOCATION_REPRESENTATION_ROLE,MEDIUM,annotation,120
LOCATION_SHAPE_REPRESENTATION,MEDIUM,annotation,120
LOGICAL_REPRESENTATION_ITEM,MEDIUM,annotation,120
MATERIAL_PROPERTY_REPRESENTATION,MEDIUM,annotation,120
MECHANICAL_CONTEXT,MEDIUM,annotation,120
MECHANICAL_DESIGN_AND_DRAUGHTING_RELATIONSHIP,MEDIUM,annotation,120
MECHANICAL_DESIGN_GEOMETRIC_PRESENTATION_REPRESENTATION,MEDIUM,annotation,120
MECHANICAL_DESIGN_PRESENTATION_REPRESENTATION_WITH_DRAUGHTING,MEDIUM,annotation,120
MECHANICAL_DESIGN_SHADED_PRESENTATION_REPRESENTATION,MEDIUM,annotation,120
MECHANISM_REPRESENTATION,MEDIUM,annotation,120
MECHANISM_STATE_REPRESENTATION,MEDIUM,annotation,120
MOMENTS_OF_INERTIA_REPRESENTATION,MEDIUM,annotation,120
NEUTRAL_SKETCH_REPRESENTATION,MEDIUM,annotation,120
NULL_REPRESENTATION_ITEM,MEDIUM,annotation,120
OUTSIDE_PROFILE,SIMPLE,document,120
PAIR_REPRESENTATION_RELATIONSHIP,MEDIUM,annotation,120
PARAMETRIC_REPRESENTATION_CONTEXT,MEDIUM,annotation,120
PARTIAL_CIRCULAR_PROFILE,SIMPLE,document,120
PARTIAL_DOCUMENT_WITH_STRUCTURED_TEXT_REPRESENTATION_ASSIGNMENT,MEDIUM,annotation,120
PATH_PARAMETER_REPRESENTATION,MEDIUM,annotation,120
PATH_PARAMETER_REPRESENTATION_CONTEXT,MEDIUM,annotation,120
PATH_SHAPE_REPRESENTATION,MEDIUM,annotation,120
PHYSICAL_BREAKDOWN_CONTEXT,MEDIUM,annotation,120
PICTURE_REPRESENTATION,MEDIUM,annotation,120
PICTURE_REPRESENTATION_ITEM,MEDIUM,annotation,120
PLANAR_SHAPE_REPRESENTATION,MEDIUM,annotation,120
PLY_ANGLE_REPRESENTATION,MEDIUM,annotation,120
PREDEFINED_PICTURE_REPRESENTATION_ITEM,MEDIUM,annotation,120
PRESENTATION_REPRESENTATION,MEDIUM,annotation,120
PRESENTATION_STYLE_BY_CONTEXT,MEDIUM,annotation,120
PRESENTED_ITEM_REPRESENTATION,MEDIUM,annotation,120
PROCEDURAL_REPRESENTATION,MEDIUM,annotation,120
PROCEDURAL_REPRESENTATION_SEQUENCE,MEDIUM,annotation,120
PROCEDURAL_SHAPE_REPRESENTATION,MEDIUM,annotation,120
PROCEDURAL_SHAPE_REPRESENTATION_SEQUENCE,MEDIUM,annotation,120
PROCEDURAL_SOLID_REPRESENTATION_SEQUENCE,MEDIUM,annotation,120
PRODUCT_CONCEPT_CONTEXT,MEDIUM,annotation,120
PRODUCT_DEFINITION_CONTEXT_ASSOCIATION,MEDIUM,annotation,120
PRODUCT_DEFINITION_CONTEXT_ROLE,MEDIUM,annotation,120
PRODUCT_DEFINITION_OCCURRENCE_REFERENCE_WITH_LOCAL_REPRESENTATION,MEDIUM,annotation,120
PRODUCT_DEFINITION_REFERENCE_WITH_LOCAL_REPRESENTATION,MEDIUM,annotation,120
PRODUCT_GROUP_CONTEXT,MEDIUM,annotation,120
PROFILE_FLOOR,SIMPLE,document,120
PROPERTY_DEFINITION_REPRESENTATION,MEDIUM,annotation,120
REAL_REPRESENTATION_ITEM,MEDIUM,annotation,120
REPRESENTATION_CONTEXT_REFERENCE,MEDIUM,annotation,120
REPRESENTATION_ITEM_RELATIONSHIP,MEDIUM,annotation,120
REPRESENTATIVE_SHAPE_REPRESENTATION,MEDIUM,annotation,120
RESOURCE_PROPERTY_REPRESENTATION,MEDIUM,annotation,120
REVOLVED_PROFILE,SIMPLE,document,120
RIGID_LINK_REPRESENTATION,MEDIUM,annotation,120
ROUNDED_U_PROFILE,SIMPLE,document,120
ROW_REPRESENTATION_ITEM,MEDIUM,annotation,120
SCAN_DATA_SHAPE_REPRESENTATION,MEDIUM,annotation,120
SHAPE_ASPECT_RELATIONSHIP_REPRESENTATION_ASSOCIATION,MEDIUM,annotation,120
SHAPE_CRITERIA_REPRESENTATION_WITH_ACCURACY,MEDIUM,annotation,120
SHAPE_DATA_QUALITY_CRITERIA_REPRESENTATION,MEDIUM,annotation,120
SHAPE_DATA_QUALITY_INSPECTION_RESULT_REPRESENTATION,MEDIUM,annotation,120
SHAPE_INSPECTION_RESULT_REPRESENTATION_WITH_ACCURACY,MEDIUM,annotation,120
SHAPE_REPRESENTATION,MEDIUM,annotation,120
SHAPE_REPRESENTATION_REFERENCE,MEDIUM,annotation,120
SHAPE_REPRESENTATION_WITH_PARAMETERS,MEDIUM,annotation,120
SINGLE_AREA_CSG_2D_SHAPE_REPRESENTATION,MEDIUM,annotation,120
SQUARE_U_PROFILE,SIMPLE,document,120
STRUCTURED_TEXT_COMPOSITION,MEDIUM,annotation,120
STRUCTURED_TEXT_REPRESENTATION,MEDIUM,annotation,120
SYMBOL_REPRESENTATION,MEDIUM,annotation,120
SYSTEM_BREAKDOWN_CONTEXT,MEDIUM,annotation,120
TABLE_REPRESENTATION_ITEM,MEDIUM,annotation,120
TACTILE_APPEARANCE_REPRESENTATION,MEDIUM,annotation,120
TEE_PROFILE,SIMPLE,document,120
TESSELLATED_SHAPE_REPRESENTATION,MEDIUM,annotation,120
TESSELLATED_SHAPE_REPRESENTATION_WITH_ACCURACY_PARAMETERS,MEDIUM,annotation,120
TEXT_STRING_REPRESENTATION,MEDIUM,annotation,120
UNCERTAINTY_ASSIGNED_REPRESENTATION,MEDIUM,annotation,120
VARIATIONAL_CURRENT_REPRESENTATION_RELATIONSHIP,MEDIUM,annotation,120
VARIATIONAL_REPRESENTATION,MEDIUM,annotation,120
VARIATIONAL_REPRESENTATION_ITEM,MEDIUM,annotation,120
VEE_PROFILE,SIMPLE,document,120
VISUAL_APPEARANCE_REPRESENTATION,MEDIUM,annotation,120
ZONE_BREAKDOWN_CONTEXT,MEDIUM,annotation,120
ABSTRACTED_EXPRESSION_FUNCTION,SIMPLE,misc,115
ABS_FUNCTION,SIMPLE,misc,115
ACOS_FUNCTION,SIMPLE,misc,115
ACTION_ASSIGNMENT,MEDIUM,action,115
ACTION_DIRECTIVE_RELATIONSHIP,MEDIUM,action,115
ACTION_METHOD_ASSIGNMENT,MEDIUM,action,115
ACTION_METHOD_RELATIONSHIP,MEDIUM,action,115
ACTION_METHOD_ROLE,MEDIUM,action,115
ACTION_PROPERTY,MEDIUM,action,115
ACTION_REQUEST_ASSIGNMENT,MEDIUM,action,115
ACTION_RESOURCE_RELATIONSHIP,MEDIUM,action,115
ALTERNATIVE_SOLUTION_RELATIONSHIP,MEDIUM,action,115
ANALYSIS_ITEM,SIMPLE,analysis,115
AND_EXPRESSION,SIMPLE,misc,115
ANGLE_GEOMETRIC_CONSTRAINT,SIMPLE,log_audit,115
APEX,SIMPLE,misc,115
APPLICATION_DEFINED_FUNCTION,SIMPLE,misc,115
APPLIED_ACTION_ASSIGNMENT,MEDIUM,action,115
APPLIED_ACTION_METHOD_ASSIGNMENT,MEDIUM,action,115
APPLIED_ACTION_REQUEST_ASSIGNMENT,MEDIUM,action,115
APPLIED_DIRECTED_ACTION_ASSIGNMENT,MEDIUM,action,115
APPROVAL_PERSON_ORGANIZATION,SIMPLE,approval,115
AREA_IN_SET,SIMPLE,misc,115
ASCRIBABLE_STATE,SIMPLE,misc,115
ASIN_FUNCTION,SIMPLE,misc,115
ASSIGNED_ANALYSIS,SIMPLE,analysis,115
ASSIGNED_REQUIREMENT,SIMPLE,misc,115
ATAN_FUNCTION,SIMPLE,misc,115
ATOMIC_FORMULA,SIMPLE,misc,115
ATOM_BASED_LITERAL,SIMPLE,misc,115
BACK_CHAINING_RULE,SIMPLE,misc,115
BANDED_MATRIX,SIMPLE,misc,115
BASIC_SPARSE_MATRIX,SIMPLE,misc,115
BEAD,SIMPLE,misc,115
BEAD_END,SIMPLE,misc,115
BINARY_BOOLEAN_EXPRESSION,SIMPLE,misc,115
BINARY_FUNCTION_CALL,SIMPLE,misc,115
BINARY_GENERIC_EXPRESSION,SIMPLE,misc,115
BINARY_LITERAL,SIMPLE,misc,115
BINARY_NUMERIC_EXPRESSION,SIMPLE,misc,115
BLOCK,SIMPLE,security,115
BOOLEAN_DEFINED_FUNCTION,SIMPLE,misc,115
BOOLEAN_EXPRESSION,SIMPLE,misc,115
BOOLEAN_LITERAL,SIMPLE,misc,115
BOOLEAN_VARIABLE,SIMPLE,misc,115
BOSS,SIMPLE,misc,115
BOSS_TOP,SIMPLE,misc,115
BREAKDOWN_OF,SIMPLE,misc,115
CARTESIAN_11,SIMPLE,misc,115
CARTESIAN_COMPLEX_NUMBER_REGION,SIMPLE,misc,115
CC_DESIGN_APPROVAL,SIMPLE,approval,115
CC_DESIGN_CERTIFICATION,SIMPLE,approval,115
CC_DESIGN_CONTRACT,SIMPLE,resource,115
CENTRE_OF_SYMMETRY,SIMPLE,misc,115
CHARACTERISTIC_DATA_COLUMN_HEADER,SIMPLE,misc,115
CHARACTERISTIC_DATA_TABLE_HEADER,SIMPLE,misc,115
CHARACTERISTIC_TYPE,SIMPLE,misc,115
CHARACTERIZED_CLASS,SIMPLE,misc,115
CHARACTERIZED_LOCATION_OBJECT,SIMPLE,misc,115
CHARACTER_GLYPH_FONT_USAGE,SIMPLE,misc,115
CIRCULAR_AREA,SIMPLE,misc,115
CIRCULAR_INVOLUTE,SIMPLE,misc,115
CIRCULAR_PATH,SIMPLE,misc,115
CIRCULAR_PATTERN,SIMPLE,misc,115
CLASS_BY_EXTENSION,SIMPLE,misc,115
CLASS_BY_INTENSION,SIMPLE,misc,115
CLASS_SYSTEM,SIMPLE,system,115
COAXIAL_GEOMETRIC_CONSTRAINT,SIMPLE,log_audit,115
COLLECTION,SIMPLE,misc,115
COLLECTION_MEMBERSHIP,SIMPLE,misc,115
COMPARISON_EQUAL,SIMPLE,misc,115
COMPARISON_EXPRESSION,SIMPLE,misc,115
COMPARISON_GREATER,SIMPLE,misc,115
COMPARISON_GREATER_EQUAL,SIMPLE,misc,115
COMPARISON_LESS,SIMPLE,misc,115
COMPARISON_LESS_EQUAL,SIMPLE,misc,115
COMPARISON_NOT_EQUAL,SIMPLE,misc,115
COMPLEX_AREA,SIMPLE,misc,115
COMPLEX_CLAUSE,SIMPLE,misc,115
COMPLEX_CONJUNCTIVE_CLAUSE,SIMPLE,misc,115
COMPLEX_DISJUNCTIVE_CLAUSE,SIMPLE,misc,115
COMPLEX_NUMBER_LITERAL,SIMPLE,misc,115
COMPLEX_NUMBER_LITERAL_POLAR,SIMPLE,misc,115
COMPOSITE_MATERIAL_DESIGNATION,SIMPLE,misc,115
CONCAT_EXPRESSION,SIMPLE,misc,115
CONDITION,SIMPLE,misc,115
CONFIGURABLE_ITEM,SIMPLE,config_mgmt,115
CONFIGURATION_DESIGN,SIMPLE,config_mgmt,115
CONIC,SIMPLE,misc,115
CONSTANT_FUNCTION,SIMPLE,misc,115
CONTAINING_MESSAGE,SIMPLE,misc,115
CONVEX_HEXAHEDRON,SIMPLE,misc,115
COORDINATES_LIST,SIMPLE,misc,115
COS_FUNCTION,SIMPLE,misc,115
CURRENCY,SIMPLE,misc,115
DATA_ENVIRONMENT,SIMPLE,system,115
DATA_EQUIVALENCE_CRITERION,SIMPLE,misc,115
DATA_QUALITY_ASSESSMENT_MEASUREMENT_ASSOCIATION,SIMPLE,misc,115
DATA_QUALITY_CRITERION,SIMPLE,misc,115
DATA_QUALITY_CRITERION_ASSESSMENT_ASSOCIATION,SIMPLE,misc,115
DATA_QUALITY_CRITERION_MEASUREMENT_ASSOCIATION,SIMPLE,misc,115
DATA_QUALITY_MEASUREMENT_REQUIREMENT,SIMPLE,misc,115
DATA_QUALITY_REPORT_MEASUREMENT_ASSOCIATION,SIMPLE,misc,115
DEFINED_CHARACTER_GLYPH,SIMPLE,misc,115
DEFINED_CONSTRAINT,SIMPLE,misc,115
DEFINED_FUNCTION,SIMPLE,misc,115
DIFFERENT_CENTROID,SIMPLE,misc,115
DIFFERENT_VOLUME,SIMPLE,misc,115
DIRECTED_ACTION_ASSIGNMENT,MEDIUM,action,115
DIRECTED_ANGLE,SIMPLE,misc,115
DIV_EXPRESSION,SIMPLE,misc,115
DRAPED_ORIENTATION_ANGLE,SIMPLE,misc,115
DRAWING_REVISION,SIMPLE,misc,115
DRAWING_REVISION_SEQUENCE,SIMPLE,misc,115
ECCENTRIC_CONE,SIMPLE,misc,115
ECCENTRIC_CONICAL_VOLUME,SIMPLE,misc,115
ELLIPSOID,SIMPLE,misc,115
ELLIPSOID_VOLUME,SIMPLE,misc,115
ELLIPTIC_AREA,SIMPLE,misc,115
ENTITY_ASSERTION,SIMPLE,misc,115
ENUM_REFERENCE_PREFIX,SIMPLE,misc,115
ENVELOPE,SIMPLE,misc,115
ENVIRONMENT,SIMPLE,system,115
EQUALS_EXPRESSION,SIMPLE,misc,115
EQUAL_PARAMETER_CONSTRAINT,SIMPLE,misc,115
EQUIVALENCE_NOTABLE_INSTANCE,SIMPLE,misc,115
ERRONEOUS_DATA,SIMPLE,misc,115
EVALUATED_CHARACTERISTIC,SIMPLE,misc,115
EVENT_OCCURRENCE,SIMPLE,log_audit,115
EVIDENCE,SIMPLE,misc,115
EXCESSIVE_USE_OF_LAYERS,SIMPLE,misc,115
EXPANDED_UNCERTAINTY,SIMPLE,misc,115
EXPLICIT_CONSTRAINT,SIMPLE,misc,115
EXPLICIT_GEOMETRIC_CONSTRAINT,SIMPLE,log_audit,115
EXPLICIT_TABLE_FUNCTION,SIMPLE,misc,115
EXPRESSION,SIMPLE,misc,115
EXPRESSION_DENOTED_FUNCTION,SIMPLE,misc,115
EXPRESSION_EXTENSION_NUMERIC,SIMPLE,misc,115
EXPRESSION_EXTENSION_STRING,SIMPLE,misc,115
EXPRESSION_EXTENSION_TO_SELECT,SIMPLE,misc,115
EXP_FUNCTION,SIMPLE,misc,115
EXTENDED_TUPLE_SPACE,SIMPLE,misc,115
EXTENSION,SIMPLE,misc,115
EXTENT,SIMPLE,misc,115
EXTERNALLY_CONDITIONED_DATA_QUALITY_CRITERION,SIMPLE,misc,115
EXTERNALLY_DEFINED_CHARACTER_GLYPH,SIMPLE,misc,115
EXTERNALLY_DEFINED_CLASS,SIMPLE,misc,115
EXTERNALLY_DEFINED_CURRENCY,SIMPLE,misc,115
EXTERNALLY_DEFINED_MARKER,SIMPLE,misc,115
EXTERNALLY_DEFINED_STRING,SIMPLE,misc,115
EXTERNALLY_DEFINED_TILE,SIMPLE,misc,115
EXTERNALLY_LISTED_DATA,SIMPLE,misc,115
EXTREME_INSTANCE,SIMPLE,misc,115
EXTREME_PATCH_WIDTH_VARIATION,SIMPLE,misc,115
FACT_TYPE,SIMPLE,misc,115
FIXED_INSTANCE_ATTRIBUTE_SET,SIMPLE,misc,115
FORMAT_FUNCTION,SIMPLE,misc,115
FORWARD_CHAINING_RULE,SIMPLE,misc,115
FORWARD_CHAINING_RULE_PREMISE,SIMPLE,misc,115
FOUNDED_ITEM,SIMPLE,misc,115
FREE_FORM_CONSTRAINT,SIMPLE,misc,115
FREE_FORM_RELATION,SIMPLE,misc,115
FREE_VARIABLE_SEMANTICS,SIMPLE,misc,115
FUNC,SIMPLE,misc,115
FUNCTION_APPLICATION,SIMPLE,misc,115
FUNCTION_SPACE,SIMPLE,misc,115
GENERIC_EXPRESSION,SIMPLE,misc,115
GENERIC_LITERAL,SIMPLE,misc,115
GENERIC_VARIABLE,SIMPLE,misc,115
GEOMETRIC_ALIGNMENT,SIMPLE,log_audit,115
GEOMETRIC_INTERSECTION,SIMPLE,log_audit,115
GPS_FILTER,SIMPLE,misc,115
GROUND_FACT,SIMPLE,misc,115
HALF_SPACE_2D,SIMPLE,misc,115
HARNESS_SEGMENT,SIMPLE,misc,115
HEXAHEDRON_VOLUME,SIMPLE,misc,115
HIGH_DEGREE_CONIC,SIMPLE,misc,115
INAPPROPRIATE_USE_OF_LAYER,SIMPLE,misc,115
INAPT_DATA,SIMPLE,misc,115
INCIDENCE_GEOMETRIC_CONSTRAINT,SIMPLE,log_audit,115
INDEX_EXPRESSION,SIMPLE,misc,115
INFORMATION_RIGHT,SIMPLE,misc,115
INFORMATION_USAGE_RIGHT,SIMPLE,misc,115
INSTANCE_ATTRIBUTE_REFERENCE,SIMPLE,misc,115
INTEGER_DEFINED_FUNCTION,SIMPLE,misc,115
INTEGER_TUPLE_LITERAL,SIMPLE,misc,115
INTERPOLATED_CONFIGURATION_SEQUENCE,SIMPLE,config_mgmt,115
INT_LITERAL,SIMPLE,misc,115
INT_NUMERIC_VARIABLE,SIMPLE,misc,115
INT_VALUE_FUNCTION,SIMPLE,misc,115
INVISIBILITY,SIMPLE,misc,115
IN_ZONE,SIMPLE,misc,115
ISO4217_CURRENCY,SIMPLE,misc,115
JOGGLE,SIMPLE,misc,115
JOGGLE_TERMINATION,SIMPLE,misc,115
KNOWN_SOURCE,SIMPLE,misc,115
LAID_ORIENTATION_ANGLE,SIMPLE,misc,115
LAMINATE_TABLE,SIMPLE,misc,115
LEADER_TERMINATOR,SIMPLE,misc,115
LENGTH_FUNCTION,SIMPLE,misc,115
LIKE_EXPRESSION,SIMPLE,misc,115
LIMITS_AND_FITS,SIMPLE,misc,115
LISTED_COMPLEX_NUMBER_DATA,SIMPLE,misc,115
LISTED_DATA,SIMPLE,misc,115
LISTED_INTEGER_DATA,SIMPLE,misc,115
LISTED_LOGICAL_DATA,SIMPLE,log_audit,115
LISTED_REAL_DATA,SIMPLE,misc,115
LISTED_STRING_DATA,SIMPLE,misc,115
LITERAL_CONJUNCTION,SIMPLE,misc,115
LITERAL_DISJUNCTION,SIMPLE,misc,115
LITERAL_NUMBER,SIMPLE,misc,115
LOCATION,SIMPLE,misc,115
LOCATOR,SIMPLE,misc,115
LOG10_FUNCTION,SIMPLE,log_audit,115
LOG2_FUNCTION,SIMPLE,log_audit,115
LOGICAL_LITERAL,SIMPLE,log_audit,115
LOG_FUNCTION,SIMPLE,log_audit,115
MARKING,SIMPLE,misc,115
MATERIAL_DESIGNATION_CHARACTERIZATION,SIMPLE,misc,115
MATHEMATICAL_DESCRIPTION,SIMPLE,misc,115
MATHS_BOOLEAN_VARIABLE,SIMPLE,misc,115
MATHS_ENUM_LITERAL,SIMPLE,misc,115
MATHS_FUNCTION,SIMPLE,misc,115
MATHS_INTEGER_VARIABLE,SIMPLE,misc,115
MATHS_REAL_VARIABLE,SIMPLE,misc,115
MATHS_SPACE,SIMPLE,misc,115
MATHS_STRING_VARIABLE,SIMPLE,misc,115
MATHS_TUPLE_LITERAL,SIMPLE,misc,115
MATHS_VALUE_PRECISION_QUALIFIER,SIMPLE,misc,115
MATHS_VARIABLE,SIMPLE,misc,115
MATING_MATERIAL,SIMPLE,misc,115
MATING_MATERIAL_ITEMS,SIMPLE,misc,115
MAXIMUM_FUNCTION,SIMPLE,misc,115
MINIMUM_FUNCTION,SIMPLE,misc,115
MINUS_EXPRESSION,SIMPLE,misc,115
MINUS_FUNCTION,SIMPLE,misc,115
MIN_AND_MAJOR_PLY_ORIENTATION_BASIS,SIMPLE,misc,115
MODIFIED_PATTERN,SIMPLE,misc,115
MOD_EXPRESSION,SIMPLE,misc,115
MULTIPLE_ARITY_BOOLEAN_EXPRESSION,SIMPLE,misc,115
MULTIPLE_ARITY_FUNCTION_CALL,SIMPLE,misc,115
MULTIPLE_ARITY_GENERIC_EXPRESSION,SIMPLE,misc,115
MULTIPLE_ARITY_NUMERIC_EXPRESSION,SIMPLE,misc,115
MULTIPLY_DEFINED_PLACEMENTS,SIMPLE,misc,115
MULTIPLY_DEFINED_VERTICES,SIMPLE,misc,115
MULTI_LEVEL_REFERENCE_DESIGNATOR,SIMPLE,misc,115
MULT_EXPRESSION,SIMPLE,misc,115
NON_AGREED_ACCURACY_PARAMETER_USAGE,SIMPLE,misc,115
NON_AGREED_SCALE_USAGE,SIMPLE,misc,115
NON_REFERENCED_COORDINATE_SYSTEM,SIMPLE,system,115
NOT_EXPRESSION,SIMPLE,misc,115
NUMERIC_DEFINED_FUNCTION,SIMPLE,misc,115
NUMERIC_EXPRESSION,SIMPLE,misc,115
NUMERIC_VARIABLE,SIMPLE,misc,115
ODD_FUNCTION,SIMPLE,misc,115
OR_EXPRESSION,SIMPLE,misc,115
OUTER_ROUND,SIMPLE,misc,115
PARALLEL_COMPOSED_FUNCTION,SIMPLE,misc,115
PARALLEL_GEOMETRIC_CONSTRAINT,SIMPLE,log_audit,115
PARALLEL_OFFSET,SIMPLE,misc,115
PARALLEL_OFFSET_GEOMETRIC_CONSTRAINT,SIMPLE,log_audit,115
PARTIAL_DERIVATIVE_EXPRESSION,SIMPLE,misc,115
PARTIAL_DERIVATIVE_FUNCTION,SIMPLE,misc,115
PART_LAMINATE_TABLE,SIMPLE,misc,115
PATH_AREA_WITH_PARAMETERS,SIMPLE,misc,115
PATTERN_OFFSET_MEMBERSHIP,SIMPLE,misc,115
PATTERN_OMIT_MEMBERSHIP,SIMPLE,misc,115
PERCENTAGE_LAMINATE_TABLE,SIMPLE,misc,115
PERPENDICULAR_GEOMETRIC_CONSTRAINT,SIMPLE,log_audit,115
PERPENDICULAR_TO,SIMPLE,misc,115
PLACEMENT,SIMPLE,misc,115
PLUS_EXPRESSION,SIMPLE,misc,115
PLY_LAMINATE_TABLE,SIMPLE,misc,115
PLY_ORIENTATION_ANGLE,SIMPLE,misc,115
POLAR_11,SIMPLE,misc,115
POLAR_COMPLEX_NUMBER_REGION,SIMPLE,misc,115
POLYGONAL_AREA,SIMPLE,misc,115
POWER_EXPRESSION,SIMPLE,misc,115
PRECISION_QUALIFIER,SIMPLE,misc,115
PRESCRIBED_PATH,SIMPLE,misc,115
PRESENTED_ITEM,SIMPLE,misc,115
PRE_DEFINED_CHARACTER_GLYPH,SIMPLE,misc,115
PRE_DEFINED_TILE,SIMPLE,misc,115
PRIMITIVE_2D,SIMPLE,misc,115
PROCESS_PROPERTY_ASSOCIATION,MEDIUM,action,115
PROJECTION_DIRECTED_CALLOUT,SIMPLE,misc,115
PROMISSORY_USAGE_OCCURRENCE,SIMPLE,misc,115
PROTRUSION,SIMPLE,misc,115
PYRAMID_VOLUME,SIMPLE,misc,115
QUALITATIVE_UNCERTAINTY,SIMPLE,misc,115
QUANTIFIER_EXPRESSION,SIMPLE,misc,115
RADIUS_GEOMETRIC_CONSTRAINT,SIMPLE,log_audit,115
RANGE_CHARACTERISTIC,SIMPLE,misc,115
REAL_DEFINED_FUNCTION,SIMPLE,misc,115
REAL_LITERAL,SIMPLE,misc,115
REAL_NUMERIC_VARIABLE,SIMPLE,misc,115
REAL_TUPLE_LITERAL,SIMPLE,misc,115
REGULAR_TABLE_FUNCTION,SIMPLE,misc,115
REINDEXED_ARRAY_FUNCTION,SIMPLE,misc,115
REINFORCEMENT_ORIENTATION_BASIS,SIMPLE,misc,115
RELATIVE_EVENT_OCCURRENCE,SIMPLE,log_audit,115
REMOVAL_VOLUME,SIMPLE,misc,115
REPACKAGING_FUNCTION,SIMPLE,misc,115
REQUIREMENT_ASSIGNED_OBJECT,SIMPLE,misc,115
REQUIREMENT_SOURCE,SIMPLE,misc,115
RESOURCE_REQUIREMENT_TYPE,SIMPLE,resource,115
RESTRICTION_FUNCTION,SIMPLE,misc,115
RETENTION,SIMPLE,misc,115
RIB_TOP,SIMPLE,misc,115
RIB_TOP_FLOOR,SIMPLE,misc,115
RIGHT_CIRCULAR_CONE,SIMPLE,misc,115
RIGHT_CIRCULAR_CYLINDER,SIMPLE,misc,115
RIGHT_TO_USAGE_ASSOCIATION,SIMPLE,misc,115
RIGID_SUBSKETCH,SIMPLE,misc,115
ROLE_ASSOCIATION,SIMPLE,misc,115
ROUNDED_END,SIMPLE,misc,115
ROW_VALUE,SIMPLE,misc,115
RULE_CONDITION,SIMPLE,misc,115
RULE_SET,SIMPLE,misc,115
RULE_SUPERSEDENCE,SIMPLE,misc,115
SATISFIED_REQUIREMENT,SIMPLE,misc,115
SATISFIES_REQUIREMENT,SIMPLE,misc,115
SATISFYING_ITEM,SIMPLE,misc,115
SCANNED_DATA_ITEM,SIMPLE,misc,115
SCANNER_BASIC_PROPERTIES,SIMPLE,misc,115
SELECTOR_FUNCTION,SIMPLE,misc,115
SERIES_COMPOSED_FUNCTION,SIMPLE,misc,115
SIMPLE_BOOLEAN_EXPRESSION,SIMPLE,misc,115
SIMPLE_CLAUSE,SIMPLE,misc,115
SIMPLE_GENERIC_EXPRESSION,SIMPLE,misc,115
SIMPLE_NUMERIC_EXPRESSION,SIMPLE,misc,115
SIMPLE_STRING_EXPRESSION,SIMPLE,misc,115
SIN_FUNCTION,SIMPLE,misc,115
SLASH_EXPRESSION,SIMPLE,misc,115
SOFTWARE_FOR_DATA_QUALITY_CHECK,SIMPLE,misc,115
SOURCED_REQUIREMENT,SIMPLE,misc,115
SOURCE_FOR_REQUIREMENT,SIMPLE,misc,115
SPHERE,SIMPLE,misc,115
SQL_MAPPABLE_DEFINED_FUNCTION,SIMPLE,misc,115
SQUARE_ROOT_FUNCTION,SIMPLE,misc,115
STANDARD_TABLE_FUNCTION,SIMPLE,misc,115
STANDARD_UNCERTAINTY,SIMPLE,misc,115
STATECHAR_OBJECT,SIMPLE,misc,115
STATECHAR_TYPE_OBJECT,SIMPLE,misc,115
STATE_OBSERVED,SIMPLE,misc,115
STATE_PREDICTED,SIMPLE,misc,115
STATE_TYPE,SIMPLE,misc,115
STRING_DEFINED_FUNCTION,SIMPLE,misc,115
STRING_EXPRESSION,SIMPLE,misc,115
STRING_LITERAL,SIMPLE,misc,115
STRING_VARIABLE,SIMPLE,misc,115
SUBSKETCH,SIMPLE,misc,115
SUBSTRING_EXPRESSION,SIMPLE,misc,115
SU_PARAMETERS,SIMPLE,misc,115
SYMMETRIC_BANDED_MATRIX,SIMPLE,log_audit,115
SYMMETRIC_MATRIX,SIMPLE,log_audit,115
SYMMETRY_GEOMETRIC_CONSTRAINT,SIMPLE,log_audit,115
TANGENT,SIMPLE,misc,115
TANGENT_GEOMETRIC_CONSTRAINT,SIMPLE,log_audit,115
TAN_FUNCTION,SIMPLE,misc,115
TAPER,SIMPLE,misc,115
TETRAHEDRON,SIMPLE,misc,115
TETRAHEDRON_VOLUME,SIMPLE,misc,115
THICKNESS_LAMINATE_TABLE,SIMPLE,misc,115
TOROIDAL_VOLUME,SIMPLE,misc,115
TORUS,SIMPLE,misc,115
TURNED_KNURL,SIMPLE,misc,115
TYPE_QUALIFIER,SIMPLE,misc,115
UNARY_BOOLEAN_EXPRESSION,SIMPLE,misc,115
UNARY_FUNCTION_CALL,SIMPLE,misc,115
UNARY_GENERIC_EXPRESSION,SIMPLE,misc,115
UNARY_NUMERIC_EXPRESSION,SIMPLE,misc,115
UNCERTAINTY_QUALIFIER,SIMPLE,misc,115
UNUSED_PATCHES,SIMPLE,misc,115
USER_DEFINED_11,SIMPLE,misc,115
VALUE_FORMAT_TYPE_QUALIFIER,SIMPLE,misc,115
VALUE_FUNCTION,SIMPLE,misc,115
VALUE_RANGE,SIMPLE,misc,115
VARIABLE,SIMPLE,misc,115
VARIABLE_EXPRESSION,SIMPLE,misc,115
VARIABLE_SEMANTICS,SIMPLE,misc,115
VARIATIONAL_PARAMETER,SIMPLE,misc,115
VERSIONED_ACTION_REQUEST_RELATIONSHIP,MEDIUM,action,115
VOLUME,SIMPLE,misc,115
WRONGLY_PLACED_VOID,SIMPLE,misc,115
XOR_EXPRESSION,SIMPLE,misc,115
ZONE_STRUCTURAL_MAKEUP,SIMPLE,misc,115
ANALYSIS_ASSIGNMENT,MEDIUM,classification,110
AP242_ASSIGNMENT_OBJECT_RELATIONSHIP,MEDIUM,classification,110
APPLIED_APPROVAL_ASSIGNMENT,MEDIUM,classification,110
APPLIED_ATTRIBUTE_CLASSIFICATION_ASSIGNMENT,MEDIUM,classification,110
APPLIED_CERTIFICATION_ASSIGNMENT,MEDIUM,classification,110
APPLIED_CLASSIFICATION_ASSIGNMENT,MEDIUM,classification,110
APPLIED_CLASSIFICATION_ASSIGNMENT_RELATIONSHIP,MEDIUM,classification,110
APPLIED_CONTRACT_ASSIGNMENT,MEDIUM,classification,110
APPLIED_DATE_AND_TIME_ASSIGNMENT,MEDIUM,classification,110
APPLIED_DOCUMENT_USAGE_CONSTRAINT_ASSIGNMENT,MEDIUM,classification,110
APPLIED_EFFECTIVITY_ASSIGNMENT,MEDIUM,classification,110
APPLIED_EVENT_OCCURRENCE_ASSIGNMENT,MEDIUM,classification,110
APPLIED_EXTERNAL_IDENTIFICATION_ASSIGNMENT,MEDIUM,classification,110
APPLIED_EXTERNAL_IDENTIFICATION_ASSIGNMENT_RELATIONSHIP,MEDIUM,classification,110
APPLIED_IDENTIFICATION_ASSIGNMENT,MEDIUM,classification,110
APPLIED_INEFFECTIVITY_ASSIGNMENT,MEDIUM,classification,110
APPLIED_LOCATION_ASSIGNMENT,MEDIUM,classification,110
APPLIED_ORGANIZATIONAL_PROJECT_ASSIGNMENT,MEDIUM,classification,110
APPLIED_ORGANIZATION_ASSIGNMENT,MEDIUM,classification,110
APPLIED_ORGANIZATION_TYPE_ASSIGNMENT,MEDIUM,classification,110
APPLIED_PERSON_AND_ORGANIZATION_ASSIGNMENT,MEDIUM,classification,110
APPLIED_SECURITY_CLASSIFICATION_ASSIGNMENT,MEDIUM,classification,110
APPLIED_STATE_OBSERVED_ASSIGNMENT,MEDIUM,classification,110
APPLIED_STATE_TYPE_ASSIGNMENT,MEDIUM,classification,110
APPLIED_TIME_INTERVAL_ASSIGNMENT,MEDIUM,classification,110
ASSIGNMENT_OBJECT_RELATIONSHIP,MEDIUM,classification,110
ATTRIBUTE_CLASSIFICATION_ASSIGNMENT,MEDIUM,classification,110
ATTRIBUTE_LANGUAGE_ASSIGNMENT,MEDIUM,classification,110
ATTRIBUTE_VALUE_ASSIGNMENT,MEDIUM,classification,110
CC_DESIGN_DATE_AND_TIME_ASSIGNMENT,MEDIUM,classification,110
CC_DESIGN_PERSON_AND_ORGANIZATION_ASSIGNMENT,MEDIUM,classification,110
CERTIFICATION_ASSIGNMENT,MEDIUM,classification,110
CHANGE_GROUP_ASSIGNMENT,MEDIUM,classification,110
CLASSIFICATION_ASSIGNMENT,MEDIUM,classification,110
CLASSIFICATION_ASSIGNMENT_RELATIONSHIP,MEDIUM,classification,110
COLLECTION_ASSIGNMENT,MEDIUM,classification,110
CONFIGURED_EFFECTIVITY_ASSIGNMENT,MEDIUM,classification,110
DATE_AND_TIME_ASSIGNMENT,MEDIUM,classification,110
DOCUMENT_IDENTIFIER_ASSIGNMENT,MEDIUM,classification,110
DOCUMENT_USAGE_CONSTRAINT_ASSIGNMENT,MEDIUM,classification,110
EFFECTIVITY_ASSIGNMENT,MEDIUM,classification,110
EVENT_OCCURRENCE_ASSIGNMENT,MEDIUM,classification,110
EXTERNAL_IDENTIFICATION_ASSIGNMENT,MEDIUM,classification,110
EXTERNAL_IDENTIFICATION_ASSIGNMENT_RELATIONSHIP,MEDIUM,classification,110
EXTERNAL_SOURCE_RELATIONSHIP,MEDIUM,classification,110
FREE_FORM_ASSIGNMENT,MEDIUM,classification,110
FROZEN_ASSIGNMENT,MEDIUM,classification,110
GLOBAL_ASSIGNMENT,MEDIUM,classification,110
IDENTIFICATION_ASSIGNMENT,MEDIUM,classification,110
IDENTIFICATION_ASSIGNMENT_RELATIONSHIP,MEDIUM,classification,110
IDRM_CLASSIFICATION_ASSIGNMENT,MEDIUM,classification,110
LOCATION_ASSIGNMENT,MEDIUM,classification,110
MESSAGE_CONTENTS_ASSIGNMENT,MEDIUM,classification,110
MULTI_LANGUAGE_ATTRIBUTE_ASSIGNMENT,MEDIUM,classification,110
ORGANIZATIONAL_PROJECT_ASSIGNMENT,MEDIUM,classification,110
ORGANIZATION_TYPE_ASSIGNMENT,MEDIUM,classification,110
PERSON_AND_ORGANIZATION_ASSIGNMENT,MEDIUM,classification,110
REQUIREMENT_ASSIGNMENT,MEDIUM,classification,110
RULE_SUPERSEDED_ASSIGNMENT,MEDIUM,classification,110
SECURITY_CLASSIFICATION_ASSIGNMENT,MEDIUM,classification,110
STATE_DEFINITION_TO_STATE_ASSIGNMENT_RELATIONSHIP,MEDIUM,classification,110
STATE_OBSERVED_ASSIGNMENT,MEDIUM,classification,110
STATE_TYPE_ASSIGNMENT,MEDIUM,classification,110
TIME_INTERVAL_ASSIGNMENT,MEDIUM,classification,110
VERIFICATION_RELATIONSHIP,MEDIUM,validation,105
ANGLE_ASSEMBLY_CONSTRAINT_WITH_DIMENSION,MEDIUM,tolerance,100
CHANGE_COMPOSITION_RELATIONSHIP,MEDIUM,tolerance,100
DIMENSION_CALLOUT_COMPONENT_RELATIONSHIP,MEDIUM,tolerance,100
DIMENSION_CALLOUT_RELATIONSHIP,MEDIUM,tolerance,100
EXTERNALLY_DEFINED_DIMENSION_DEFINITION,MEDIUM,tolerance,100
FEATURE_FOR_DATUM_TARGET_RELATIONSHIP,MEDIUM,tolerance,100
GEOMETRIC_TOLERANCE_RELATIONSHIP,MEDIUM,tolerance,100
IMPLICIT_EXPLICIT_POSITIONED_SKETCH_RELATIONSHIP,MEDIUM,tolerance,100
PARALLEL_ASSEMBLY_CONSTRAINT_WITH_DIMENSION,MEDIUM,tolerance,100
PRODUCT_MATERIAL_COMPOSITION_RELATIONSHIP,MEDIUM,tolerance,100
STRUCTURED_DIMENSION_CALLOUT,MEDIUM,tolerance,100
TOLERANCE_ZONE_DEFINITION,MEDIUM,tolerance,100
ABRUPT_CHANGE_OF_SURFACE_NORMAL,COMPLEX,geometry,95
BOUNDARY_CURVE_OF_B_SPLINE_OR_RECTANGULAR_COMPOSITE_SURFACE,COMPLEX,geometry,95
BOUNDED_SURFACE_CURVE,COMPLEX,geometry,95
B_SPLINE_BASIS,COMPLEX,geometry,95
B_SPLINE_CURVE_KNOT_LOCATOR,COMPLEX,geometry,95
B_SPLINE_CURVE_SEGMENT,COMPLEX,geometry,95
B_SPLINE_SURFACE_KNOT_LOCATOR,COMPLEX,geometry,95
B_SPLINE_SURFACE_PATCH,COMPLEX,geometry,95
B_SPLINE_SURFACE_STRIP,COMPLEX,geometry,95
B_SPLINE_VOLUME,COMPLEX,geometry,95
B_SPLINE_VOLUME_WITH_KNOTS,COMPLEX,geometry,95
CLOSED_CURVE_STYLE_PARAMETERS,COMPLEX,geometry,95
COMPLEX_TRIANGULATED_SURFACE_SET,COMPLEX,geometry,95
COMPOSITE_CURVE_TRANSITION_LOCATOR,COMPLEX,geometry,95
CUBIC_BEZIER_TESSELLATED_EDGE,COMPLEX,geometry,95
CURVE_11,COMPLEX,geometry,95
CURVE_BASED_PATH,COMPLEX,geometry,95
CURVE_BASED_PATH_WITH_ORIENTATION,COMPLEX,geometry,95
CURVE_BASED_PATH_WITH_ORIENTATION_AND_PARAMETERS,COMPLEX,geometry,95
CURVE_DIMENSION,COMPLEX,geometry,95
CURVE_DISTANCE_GEOMETRIC_CONSTRAINT,COMPLEX,geometry,95
CURVE_LENGTH_GEOMETRIC_CONSTRAINT,COMPLEX,geometry,95
CURVE_SEGMENT_SET,COMPLEX,geometry,95
CURVE_SMOOTHNESS_GEOMETRIC_CONSTRAINT,COMPLEX,geometry,95
CURVE_STYLE_FONT_AND_SCALING,COMPLEX,geometry,95
CURVE_STYLE_FONT_PATTERN,COMPLEX,geometry,95
CURVE_STYLE_PARAMETERS_WITH_ENDS,COMPLEX,geometry,95
CURVE_WITH_EXCESSIVE_SEGMENTS,COMPLEX,geometry,95
CURVE_WITH_SMALL_CURVATURE_RADIUS,COMPLEX,geometry,95
DIFFERENT_CURVE_LENGTH,COMPLEX,geometry,95
DIFFERENT_SURFACE_AREA,COMPLEX,geometry,95
DIFFERENT_SURFACE_NORMAL,COMPLEX,geometry,95
DIMENSION_CURVE_DIRECTED_CALLOUT,COMPLEX,geometry,95
DIMENSION_CURVE_TERMINATOR,COMPLEX,geometry,95
DIMENSION_CURVE_TERMINATOR_TO_PROJECTION_CURVE_ASSOCIATIVITY,COMPLEX,geometry,95
DISCONTINUOUS_GEOMETRY,COMPLEX,geometry,95
DRAUGHTING_PRE_DEFINED_CURVE_FONT,COMPLEX,geometry,95
DUPIN_CYCLIDE_SURFACE,COMPLEX,geometry,95
ELEMENTARY_SURFACE,COMPLEX,geometry,95
ENTIRELY_NARROW_SURFACE,COMPLEX,geometry,95
ERRONEOUS_GEOMETRY,COMPLEX,geometry,95
EXCESSIVELY_HIGH_DEGREE_SURFACE,COMPLEX,geometry,95
EXTERNALLY_DEFINED_CURVE_FONT,COMPLEX,geometry,95
FACE_SURFACE_WITH_EXCESSIVE_PATCHES_IN_ONE_DIRECTION,COMPLEX,geometry,95
FILL_AREA_STYLE_TILE_CURVE_WITH_STYLE,COMPLEX,geometry,95
FIXED_REFERENCE_SWEPT_SURFACE,COMPLEX,geometry,95
G1_DISCONTINUOUS_SURFACE,COMPLEX,geometry,95
G2_DISCONTINUOUS_SURFACE,COMPLEX,geometry,95
GAP_BETWEEN_EDGE_AND_BASE_SURFACE,COMPLEX,geometry,95
GAP_BETWEEN_PCURVES_RELATED_TO_AN_EDGE,COMPLEX,geometry,95
GAP_BETWEEN_VERTEX_AND_BASE_SURFACE,COMPLEX,geometry,95
GEOMETRY_WITH_LOCAL_IRREGULARITY,COMPLEX,geometry,95
GEOMETRY_WITH_LOCAL_NEAR_DEGENERACY,COMPLEX,geometry,95
HIGH_DEGREE_AXI_SYMMETRIC_SURFACE,COMPLEX,geometry,95
HIGH_DEGREE_PLANAR_SURFACE,COMPLEX,geometry,95
INAPT_GEOMETRY,COMPLEX,geometry,95
INCONSISTENT_CURVE_TRANSITION_CODE,COMPLEX,geometry,95
INCONSISTENT_EDGE_AND_CURVE_DIRECTIONS,COMPLEX,geometry,95
INCONSISTENT_FACE_AND_SURFACE_NORMALS,COMPLEX,geometry,95
INCONSISTENT_SURFACE_TRANSITION_CODE,COMPLEX,geometry,95
INDISTINCT_CURVE_KNOTS,COMPLEX,geometry,95
INDISTINCT_SURFACE_KNOTS,COMPLEX,geometry,95
LINEAR_FLEXIBLE_AND_PLANAR_CURVE_PAIR,COMPLEX,geometry,95
LINK_MOTION_RELATIONSHIP,MEDIUM,kinematic,95
LOCALLY_REFINED_SPLINE_SURFACE,COMPLEX,geometry,95
LOCAL_B_SPLINE,COMPLEX,geometry,95
MISMATCH_OF_ARCWISE_CONNECTED_SURFACES,COMPLEX,geometry,95
MISMATCH_OF_ARCWISE_CONNECTED_SURFACES_BOUNDARY,COMPLEX,geometry,95
MISMATCH_OF_POINT_CLOUD_AND_RELATED_GEOMETRY,COMPLEX,geometry,95
MISMATCH_OF_UNDERLYING_EDGE_GEOMETRY,COMPLEX,geometry,95
MISMATCH_OF_UNDERLYING_FACE_GEOMETRY,COMPLEX,geometry,95
MULTIPLY_DEFINED_GEOMETRY,COMPLEX,geometry,95
MULTIPLY_DEFINED_SURFACES,COMPLEX,geometry,95
NARROW_SURFACE_PATCH,COMPLEX,geometry,95
NEARLY_DEGENERATE_GEOMETRY,COMPLEX,geometry,95
NEARLY_DEGENERATE_SURFACE_BOUNDARY,COMPLEX,geometry,95
NEARLY_DEGENERATE_SURFACE_PATCH,COMPLEX,geometry,95
NON_SMOOTH_GEOMETRY_TRANSITION_ACROSS_EDGE,COMPLEX,geometry,95
OVERCOMPLEX_GEOMETRY,COMPLEX,geometry,95
OVERLAPPING_GEOMETRY,COMPLEX,geometry,95
PARTLY_OVERLAPPING_SURFACES,COMPLEX,geometry,95
PLANAR_CURVE_PAIR,COMPLEX,geometry,95
PLANAR_CURVE_PAIR_RANGE,COMPLEX,geometry,95
POINT_ON_EDGE_CURVE,COMPLEX,geometry,95
POINT_ON_FACE_SURFACE,COMPLEX,geometry,95
POINT_ON_PLANAR_CURVE_PAIR,COMPLEX,geometry,95
POINT_ON_PLANAR_CURVE_PAIR_VALUE,COMPLEX,geometry,95
POINT_ON_PLANAR_CURVE_PAIR_WITH_RANGE,COMPLEX,geometry,95
POINT_ON_SURFACE,COMPLEX,geometry,95
POINT_ON_SURFACE_PAIR,COMPLEX,geometry,95
POINT_ON_SURFACE_PAIR_VALUE,COMPLEX,geometry,95
POINT_ON_SURFACE_PAIR_WITH_RANGE,COMPLEX,geometry,95
PRE_DEFINED_SURFACE_CONDITION_SYMBOL,COMPLEX,geometry,95
PRE_DEFINED_SURFACE_SIDE_STYLE,COMPLEX,geometry,95
RATIONAL_B_SPLINE_VOLUME,COMPLEX,geometry,95
RATIONAL_LOCALLY_REFINED_SPLINE_SURFACE,COMPLEX,geometry,95
RECTANGULAR_COMPOSITE_SURFACE_TRANSITION_LOCATOR,COMPLEX,geometry,95
REPARAMETRISED_COMPOSITE_CURVE_SEGMENT,COMPLEX,geometry,95
ROLLING_CURVE_PAIR,COMPLEX,geometry,95
ROLLING_CURVE_PAIR_VALUE,COMPLEX,geometry,95
ROLLING_SURFACE_PAIR,COMPLEX,geometry,95
ROLLING_SURFACE_PAIR_VALUE,COMPLEX,geometry,95
RULED_SURFACE_SWEPT_AREA_SOLID,COMPLEX,geometry,95
SELF_INTERSECTING_GEOMETRY,COMPLEX,geometry,95
SELF_INTERSECTING_SURFACE,COMPLEX,geometry,95
SHORT_LENGTH_CURVE_SEGMENT,COMPLEX,geometry,95
SLIDING_CURVE_PAIR,COMPLEX,geometry,95
SLIDING_CURVE_PAIR_VALUE,COMPLEX,geometry,95
SLIDING_SURFACE_PAIR,COMPLEX,geometry,95
SLIDING_SURFACE_PAIR_VALUE,COMPLEX,geometry,95
SMALL_AREA_SURFACE,COMPLEX,geometry,95
SMALL_AREA_SURFACE_PATCH,COMPLEX,geometry,95
SOLID_CURVE_FONT,COMPLEX,geometry,95
STEEP_GEOMETRY_TRANSITION_ACROSS_EDGE,COMPLEX,geometry,95
SURFACE_CONDITION_CALLOUT,COMPLEX,geometry,95
SURFACE_CURVE_SWEPT_SURFACE,COMPLEX,geometry,95
SURFACE_DISTANCE_ASSEMBLY_CONSTRAINT_WITH_DIMENSION,COMPLEX,geometry,95
SURFACE_DISTANCE_GEOMETRIC_CONSTRAINT,COMPLEX,geometry,95
SURFACE_PAIR,COMPLEX,geometry,95
SURFACE_PAIR_WITH_RANGE,COMPLEX,geometry,95
SURFACE_PATCH_SET,COMPLEX,geometry,95
SURFACE_PROFILE_TOLERANCE,COMPLEX,geometry,95
SURFACE_RENDERING_PROPERTIES,COMPLEX,geometry,95
SURFACE_SMOOTHNESS_GEOMETRIC_CONSTRAINT,COMPLEX,geometry,95
SURFACE_STYLE_REFLECTANCE_AMBIENT_DIFFUSE,COMPLEX,geometry,95
SURFACE_STYLE_REFLECTANCE_AMBIENT_DIFFUSE_SPECULAR,COMPLEX,geometry,95
SURFACE_WITH_EXCESSIVE_PATCHES_IN_ONE_DIRECTION,COMPLEX,geometry,95
SURFACE_WITH_SMALL_CURVATURE_RADIUS,COMPLEX,geometry,95
SWEPT_CURVE_SURFACE_GEOMETRIC_CONSTRAINT,COMPLEX,geometry,95
SWEPT_POINT_CURVE_GEOMETRIC_CONSTRAINT,COMPLEX,geometry,95
SWEPT_SURFACE,COMPLEX,geometry,95
TESSELLATED_CURVE_SET,COMPLEX,geometry,95
TESSELLATED_POINT_SET,COMPLEX,geometry,95
TESSELLATED_SURFACE_SET,COMPLEX,geometry,95
TOPOLOGY_RELATED_TO_MULTIPLY_DEFINED_GEOMETRY,COMPLEX,geometry,95
TOPOLOGY_RELATED_TO_NEARLY_DEGENERATE_GEOMETRY,COMPLEX,geometry,95
TOPOLOGY_RELATED_TO_OVERLAPPING_GEOMETRY,COMPLEX,geometry,95
TOPOLOGY_RELATED_TO_SELF_INTERSECTING_GEOMETRY,COMPLEX,geometry,95
TRIANGULATED_POINT_CLOUD_DATASET,COMPLEX,geometry,95
TRIANGULATED_SURFACE_SET,COMPLEX,geometry,95
ZERO_SURFACE_NORMAL,COMPLEX,geometry,95
BREAKDOWN_ELEMENT_GROUP_ASSIGNMENT,MEDIUM,fea,90
COMPLEX_SHELLED_SOLID,COMPLEX,topology,90
CONCEPT_FEATURE_RELATIONSHIP,MEDIUM,fea,90
CONCEPT_FEATURE_RELATIONSHIP_WITH_CONDITION,MEDIUM,fea,90
CONTACT_FEATURE_DEFINITION,MEDIUM,fea,90
CONTACT_FEATURE_DEFINITION_FIT_RELATIONSHIP,MEDIUM,fea,90
CONTACT_FEATURE_FIT_RELATIONSHIP,MEDIUM,fea,90
CUBIC_TESSELLATED_CONNECTING_EDGE,COMPLEX,topology,90
CURRENT_CHANGE_ELEMENT_ASSIGNMENT,MEDIUM,fea,90
DIFFERENT_NUMBER_OF_CLOSED_SHELL,COMPLEX,topology,90
DISCONNECTED_FACE_SET,COMPLEX,topology,90
DOUBLE_OFFSET_SHELLED_SOLID,COMPLEX,topology,90
EDGE_BLENDED_SOLID,COMPLEX,topology,90
EDGE_ROUND,COMPLEX,topology,90
EDGE_WITH_EXCESSIVE_SEGMENTS,COMPLEX,topology,90
EDGE_WITH_LENGTH,COMPLEX,topology,90
ENTIRELY_NARROW_FACE,COMPLEX,topology,90
ERRONEOUS_TOPOLOGY,COMPLEX,topology,90
EXTERNALLY_DEFINED_FEATURE_DEFINITION,MEDIUM,fea,90
EXTRUDED_FACE_SOLID_WITH_DRAFT_ANGLE,COMPLEX,topology,90
EXTRUDED_FACE_SOLID_WITH_MULTIPLE_DRAFT_ANGLES,COMPLEX,topology,90
EXTRUDED_FACE_SOLID_WITH_TRIM_CONDITIONS,COMPLEX,topology,90
FACETED_BREP,COMPLEX,topology,90
FACETED_PRIMITIVE,COMPLEX,topology,90
FACE_OUTER_BOUND,COMPLEX,topology,90
FEATURE_DEFINITION,MEDIUM,fea,90
FEATURE_DEFINITION_WITH_CONNECTION_AREA,MEDIUM,fea,90
FLAT_FACE,COMPLEX,topology,90
FREE_EDGE,COMPLEX,topology,90
G1_DISCONTINUITY_BETWEEN_ADJACENT_FACES,COMPLEX,topology,90
G2_DISCONTINUITY_BETWEEN_ADJACENT_FACES,COMPLEX,topology,90
GAP_BETWEEN_ADJACENT_EDGES_IN_LOOP,COMPLEX,topology,90
GAP_BETWEEN_FACES_RELATED_TO_AN_EDGE,COMPLEX,topology,90
GAP_BETWEEN_VERTEX_AND_EDGE,COMPLEX,topology,90
GEOMETRIC_GAP_IN_TOPOLOGY,COMPLEX,topology,90
HIERARCHICAL_INTERFACE_CONNECTION,COMPLEX,topology,90
INAPT_TOPOLOGY,COMPLEX,topology,90
INCONSISTENT_ADJACENT_FACE_NORMALS,COMPLEX,topology,90
INCONSISTENT_FACE_AND_CLOSED_SHELL_NORMALS,COMPLEX,topology,90
INTERFACED_GROUP_COMPONENT,COMPLEX,topology,90
INTERFACE_COMPONENT,COMPLEX,topology,90
INTERFACE_CONNECTION,COMPLEX,topology,90
INTERFACE_CONNECTOR_AS_PLANNED,COMPLEX,topology,90
INTERFACE_CONNECTOR_AS_REALIZED,COMPLEX,topology,90
INTERFACE_CONNECTOR_DESIGN,COMPLEX,topology,90
INTERFACE_CONNECTOR_DESIGN_TO_PLANNED,COMPLEX,topology,90
INTERFACE_CONNECTOR_DESIGN_TO_REALIZED,COMPLEX,topology,90
INTERFACE_CONNECTOR_OCCURRENCE,COMPLEX,topology,90
INTERFACE_CONNECTOR_PLANNED_TO_REALIZED,COMPLEX,topology,90
INTERFACE_CONNECTOR_VERSION,COMPLEX,topology,90
INTERFACE_SPECIFICATION_VERSION,COMPLEX,topology,90
INTERSECTING_CONNECTED_FACE_SETS,COMPLEX,topology,90
INTERSECTING_LOOPS_IN_FACE,COMPLEX,topology,90
INTERSECTING_SHELLS_IN_SOLID,COMPLEX,topology,90
KINEMATIC_LOOP,COMPLEX,topology,90
KINEMATIC_TOPOLOGY_DIRECTED_STRUCTURE,COMPLEX,topology,90
KINEMATIC_TOPOLOGY_NETWORK_STRUCTURE,COMPLEX,topology,90
KINEMATIC_TOPOLOGY_STRUCTURE,COMPLEX,topology,90
KINEMATIC_TOPOLOGY_SUBSTRUCTURE,COMPLEX,topology,90
KINEMATIC_TOPOLOGY_TREE_STRUCTURE,COMPLEX,topology,90
LOOP,COMPLEX,topology,90
MAKE_FROM_FEATURE_RELATIONSHIP,MEDIUM,fea,90
MISMATCH_OF_EDGES,COMPLEX,topology,90
MISMATCH_OF_FACES,COMPLEX,topology,90
MISSING_EDGE,COMPLEX,topology,90
MISSING_FACE,COMPLEX,topology,90
MULTIPLY_DEFINED_EDGES,COMPLEX,topology,90
MULTIPLY_DEFINED_FACES,COMPLEX,topology,90
NON_MANIFOLD_AT_EDGE,COMPLEX,topology,90
NON_MANIFOLD_AT_VERTEX,COMPLEX,topology,90
OPEN_CLOSED_SHELL,COMPLEX,topology,90
OPEN_EDGE_LOOP,COMPLEX,topology,90
OVER_USED_VERTEX,COMPLEX,topology,90
PARTLY_OVERLAPPING_EDGES,COMPLEX,topology,90
PARTLY_OVERLAPPING_FACES,COMPLEX,topology,90
PHYSICAL_COMPONENT_INTERFACE_TERMINAL,COMPLEX,topology,90
PREVIOUS_CHANGE_ELEMENT_ASSIGNMENT,MEDIUM,fea,90
REVOLVED_FACE_SOLID_WITH_TRIM_CONDITIONS,COMPLEX,topology,90
RIGHT_ANGULAR_WEDGE,COMPLEX,topology,90
SELF_INTERSECTING_LOOP,COMPLEX,topology,90
SELF_INTERSECTING_SHELL,COMPLEX,topology,90
SHELLED_SOLID,COMPLEX,topology,90
SHORT_LENGTH_EDGE,COMPLEX,topology,90
SMALL_AREA_FACE,COMPLEX,topology,90
SOLID_WITH_CHAMFERED_EDGES,COMPLEX,topology,90
SOLID_WITH_CONSTANT_RADIUS_EDGE_BLEND,COMPLEX,topology,90
SOLID_WITH_VARIABLE_RADIUS_EDGE_BLEND,COMPLEX,topology,90
SPOTFACE_OCCURRENCE,COMPLEX,topology,90
SPOTFACE_OCCURRENCE_IN_ASSEMBLY,COMPLEX,topology,90
STEEP_ANGLE_BETWEEN_ADJACENT_EDGES,COMPLEX,topology,90
STEEP_ANGLE_BETWEEN_ADJACENT_FACES,COMPLEX,topology,90
TESSELLATED_CONNECTING_EDGE,COMPLEX,topology,90
TESSELLATED_EDGE,COMPLEX,topology,90
TESSELLATED_SHELL,COMPLEX,topology,90
TESSELLATED_VERTEX,COMPLEX,topology,90
THICKENED_FACE_SOLID,COMPLEX,topology,90
VERTEX_ON_EDGE,COMPLEX,topology,90
VOLUME_WITH_FACES,COMPLEX,topology,90
VOLUME_WITH_SHELL,COMPLEX,topology,90
WEDGE_VOLUME,COMPLEX,topology,90
WRONGLY_PLACED_LOOP,COMPLEX,topology,90
ADDITIVE_MANUFACTURING_BUILD_PLATE_RELATIONSHIP,MEDIUM,manufacturing,85
ADDITIVE_MANUFACTURING_SETUP_RELATIONSHIP,MEDIUM,manufacturing,85
ADDITIVE_MANUFACTURING_SETUP_WORKPIECE_RELATIONSHIP,MEDIUM,manufacturing,85
COUNTERBORE_HOLE_DEFINITION,MEDIUM,manufacturing,85
COUNTERDRILL_HOLE_DEFINITION,MEDIUM,manufacturing,85
COUNTERSINK_HOLE_DEFINITION,MEDIUM,manufacturing,85
SIMPLIFIED_COUNTERBORE_HOLE_DEFINITION,MEDIUM,manufacturing,85
SIMPLIFIED_COUNTERDRILL_HOLE_DEFINITION,MEDIUM,manufacturing,85
SIMPLIFIED_COUNTERSINK_HOLE_DEFINITION,MEDIUM,manufacturing,85
TESSELLATED_SOLID,COMPLEX,product,85
ORGANIZATIONAL_PROJECT_RELATIONSHIP,MEDIUM,organization,80
ORGANIZATIONAL_PROJECT_ROLE,MEDIUM,organization,80
ORGANIZATION_RELATIONSHIP,MEDIUM,organization,80
ORGANIZATION_TYPE_ROLE,MEDIUM,organization,80
PERSON_AND_ORGANIZATION_ROLE,MEDIUM,organization,80
STYLED_TESSELLATED_ITEM_WITH_COLOURS,COMPLEX,annotation,80
TESSELLATED_ANNOTATION_OCCURRENCE,COMPLEX,annotation,80
TIME_INTERVAL_RELATIONSHIP,MEDIUM,date_time,75
TIME_INTERVAL_ROLE,MEDIUM,date_time,75
COLLECTION_VERSION_RELATIONSHIP,MEDIUM,document,70
COLLECTION_VERSION_SEQUENCE_RELATIONSHIP,MEDIUM,document,70
DOCUMENT_USAGE_ROLE,MEDIUM,document,70
SPECIFICATION_DEFINITION,MEDIUM,document,70
A3MA_EQUIVALENCE_CRITERION_ASSESSMENT_THRESHOLD_RELATIONSHIP,MEDIUM,misc,65
APPLICATION_PROTOCOL_DEFINITION,MEDIUM,misc,65
APPROVAL_RELATIONSHIP,MEDIUM,approval,65
ASCRIBABLE_STATE_RELATIONSHIP,MEDIUM,misc,65
ATTRIBUTE_VALUE_ROLE,MEDIUM,misc,65
CHARACTERIZED_OBJECT_RELATIONSHIP,MEDIUM,misc,65
COLLECTION_RELATIONSHIP,MEDIUM,misc,65
COLLECTION_VIEW_DEFINITION,MEDIUM,misc,65
CONNECTIVITY_DEFINITION,MEDIUM,misc,65
CONTRACT_RELATIONSHIP,MEDIUM,resource,65
DATA_EQUIVALENCE_DEFINITION,MEDIUM,misc,65
DATA_EQUIVALENCE_DEFINITION_RELATIONSHIP,MEDIUM,misc,65
DATA_QUALITY_DEFINITION,MEDIUM,misc,65
DATA_QUALITY_DEFINITION_RELATIONSHIP,MEDIUM,misc,65
DEPENDENT_VARIABLE_DEFINITION,MEDIUM,misc,65
DESIGN_MAKE_FROM_RELATIONSHIP,MEDIUM,misc,65
DRAWING_DEFINITION,MEDIUM,misc,65
ENVELOPE_RELATIONSHIP,MEDIUM,misc,65
EVENT_OCCURRENCE_RELATIONSHIP,MEDIUM,log_audit,65
EVENT_OCCURRENCE_ROLE,MEDIUM,log_audit,65
EXTERNALLY_DEFINED_GENERAL_PROPERTY,MEDIUM,profile,65
GENERAL_MATERIAL_PROPERTY,MEDIUM,misc,65
GENERAL_PROPERTY_ASSOCIATION,MEDIUM,profile,65
GENERAL_PROPERTY_RELATIONSHIP,MEDIUM,profile,65
GENERIC_PROPERTY_RELATIONSHIP,MEDIUM,profile,65
LOCATION_RELATIONSHIP,MEDIUM,misc,65
LOCATION_ROLE,MEDIUM,misc,65
MATED_PART_RELATIONSHIP,MEDIUM,misc,65
MATERIAL_PROPERTY,MEDIUM,misc,65
MESSAGE_RELATIONSHIP,MEDIUM,misc,65
OBJECT_ROLE,MEDIUM,misc,65
PLY_LAMINATE_SEQUENCE_DEFINITION,MEDIUM,misc,65
PROJECTED_ZONE_DEFINITION_WITH_OFFSET,MEDIUM,misc,65
PROPERTY_DEFINITION_RELATIONSHIP,MEDIUM,profile,65
REQUIREMENT_VIEW_DEFINITION_RELATIONSHIP,MEDIUM,misc,65
RESOURCE_PROPERTY,MEDIUM,resource,65
RULE_DEFINITION,MEDIUM,misc,65
RULE_SOFTWARE_DEFINITION,MEDIUM,misc,65
SCANNER_PROPERTY,MEDIUM,misc,65
SINGLE_PROPERTY_IS_DEFINITION,MEDIUM,profile,65
SMEARED_MATERIAL_DEFINITION,MEDIUM,misc,65
STATECHAR_RELATIONSHIP_OBJECT,MEDIUM,misc,65
STATECHAR_TYPE_RELATIONSHIP_OBJECT,MEDIUM,misc,65
STATE_OBSERVED_RELATIONSHIP,MEDIUM,misc,65
STATE_OBSERVED_ROLE,MEDIUM,misc,65
STATE_TYPE_RELATIONSHIP,MEDIUM,misc,65
STATE_TYPE_ROLE,MEDIUM,misc,65
STRUCTURED_MESSAGE,MEDIUM,misc,65
SUPPLIED_PART_RELATIONSHIP,MEDIUM,misc,65
REPOSITIONED_TESSELLATED_ITEM,COMPLEX,tolerance,60
TESSELLATED_GEOMETRIC_SET,COMPLEX,log_audit,25
TESSELLATED_ITEM,COMPLEX,misc,25
TESSELLATED_STRUCTURED_ITEM,COMPLEX,misc,25
TESSELLATED_WIRE,COMPLEX,misc,25
